Business ID,Business Name,Owner Name,Address,Contact Number,User ID
1,"Williamson, Barrows and Gerlach",Henrik Kenforth,74 Springview Parkway,317-942-0083,165
2,Jones Group,Martino Kornel,640 Dakota Avenue,415-608-8296,951
3,"VonRueden, Towne and Dooley",Marcelline Barnish,076 Roxbury Park,240-485-9252,56
4,Konopelski LLC,Rudd Vautin,97 Goodland Hill,501-816-8235,543
5,Bednar-Metz,Livia Matherson,2 Dapin Hill,487-869-8947,423
6,Harber-Schinner,Lowrance Willisch,7 Chinook Avenue,237-349-2259,668
7,"Breitenberg, Lowe and Bogisich",Gaby Alwood,8 Fulton Trail,218-492-8707,543
8,"O'Keefe, Williamson and Morar",Florance Kornyshev,0 Granby Parkway,472-944-8218,22
9,Balistreri-Jones,Hallsy Balsom,805 Eastwood Pass,173-175-2938,671
10,Douglas-Koch,Colver Lawrence,155 Randy Trail,491-195-5918,536
11,Koch Group,Dede Birchner,94674 Packers Court,326-221-5172,958
12,"Rosenbaum, Gorczany and Deckow",Chrysler Anton,60985 Moulton Plaza,579-494-2750,991
13,Kertzmann LLC,Juliann Milsom,1760 Cascade Parkway,456-525-4014,793
14,Miller Group,Nikkie Haryngton,1 Mallory Circle,668-931-1637,112
15,Predovic and Sons,Orin Duffill,9 Fremont Trail,349-899-4308,210
16,"Kuhic, Blick and Considine",Gaultiero Hammor,0620 Buena Vista Way,179-254-4976,572
17,"Stokes, Reinger and Schuppe",Myra Loseby,1572 Arrowood Center,815-911-6254,706
18,Boyle-Wyman,Jacklyn Carty,38 Lukken Road,540-142-2885,974
19,Thompson-Farrell,Linnet Spino,1555 Bowman Trail,998-124-5109,355
20,Fritsch LLC,Darlleen McWhorter,280 Karstens Junction,845-480-9967,91
21,"Kuvalis, Olson and Hodkiewicz",Bear Sansome,6 Marcy Circle,436-931-5329,511
22,Wiza-Windler,Alyosha Harmston,65 Ruskin Circle,874-587-6700,693
23,Collier Inc,Aili Rudman,72440 Cody Alley,507-726-6527,125
24,Sauer Group,Thomasin Bartol,8 Manufacturers Lane,530-327-3307,909
25,Schiller-Casper,Elonore Ousbie,2 Maple Pass,576-839-1562,595
26,Ankunding and Sons,Analiese Bagshawe,14 Merchant Avenue,966-337-2050,572
27,"Schmitt, Prohaska and Stoltenberg",Grata Hickford,320 Grim Circle,106-723-4924,294
28,Swift-Kihn,Nicholas Broadhurst,1 Sutteridge Court,617-945-8186,190
29,Mayert Inc,Stanly Scupham,9320 Lukken Way,683-613-7147,536
30,Romaguera-Swift,Arty Newtown,5058 Mosinee Court,206-688-3451,462
31,Donnelly LLC,Glynis Rhubottom,258 Northwestern Way,431-929-8525,711
32,"Kshlerin, Nicolas and Hirthe",Pearl Giacobelli,5802 Northridge Center,556-309-5538,913
33,Wiza and Sons,Waiter Simmance,09359 Stone Corner Terrace,579-936-1042,90
34,Sauer-Schinner,Kalila Tams,3220 Twin Pines Drive,806-344-1255,943
35,Goldner-Pollich,Herculie Band,625 2nd Alley,846-496-1847,465
36,"Koss, Rolfson and Stroman",Dominik Tarte,358 Reindahl Court,509-961-0898,875
37,Emmerich Group,Kermie Scotson,41 Annamark Hill,892-983-3082,719
38,Murray-Mante,Carolan Keneleyside,77 Crescent Oaks Street,357-285-0926,542
39,Christiansen Group,Ula Jamieson,389 Butternut Way,134-625-8574,354
40,"O'Kon, Monahan and Sauer",Fidelio Gulliman,8572 Jackson Pass,214-507-0983,341
41,Mante-Abernathy,Dianemarie Grainger,60252 Melby Hill,581-991-4293,232
42,Cronin and Sons,Rolfe Mollen,283 Dexter Place,185-655-1593,572
43,Fahey Inc,Ferguson Naisbet,8 Sachtjen Avenue,776-679-9101,473
44,Runolfsdottir Group,Renado McNair,3538 Bellgrove Circle,548-469-4906,7
45,Bahringer Inc,Aguistin Gibling,61663 Eagan Hill,463-614-3255,742
46,Shanahan-Carter,Shepard Hofler,5 Bellgrove Crossing,355-152-8251,320
47,Jenkins-Bartoletti,Roselle Reide,1 Kennedy Trail,465-126-2206,817
48,Hahn-Jerde,Ezra Delahunty,8592 Corry Drive,724-990-0720,509
49,"Klein, Rosenbaum and Torp",Tedd Bourton,525 Northland Way,834-769-1789,14
50,"Tromp, Hansen and Berge",Kaja Laraway,3633 Weeping Birch Avenue,136-341-3670,427
51,"Gulgowski, O'Kon and Batz",Jonathan Cogger,29212 Green Ridge Junction,182-421-2452,865
52,"Cormier, Hermiston and Walter",Mabelle Room,4 Arizona Terrace,844-422-2082,311
53,Bartell Inc,Theodor Bransdon,2 Charing Cross Drive,863-227-5362,372
54,Stroman-Bode,Pip Sondland,22 Lighthouse Bay Point,952-208-6587,422
55,"Wolf, O'Conner and Lowe",Ethan Battson,6258 Thackeray Alley,149-154-2698,139
56,Stracke-Glover,Corbet Coppock.,1835 Prentice Point,659-908-7749,3
57,Lebsack and Sons,Erick Pogosian,72 Talisman Point,440-728-0030,619
58,"Bartell, Schoen and Feil",Krista Scrivener,418 Crescent Oaks Road,398-438-6556,418
59,"Gleason, Bartell and Trantow",Lotty Issakov,35596 South Pass,436-818-4849,31
60,"Runolfsdottir, Ullrich and McLaughlin",Cirilo Gosson,3 Heath Drive,608-857-3094,639
61,Koss and Sons,Tye Holyland,290 Hintze Hill,770-507-8537,217
62,McClure-Boyer,Shel Izon,204 Bellgrove Plaza,487-262-8222,295
63,"Steuber, Luettgen and Marquardt",Felita Prandy,060 Roxbury Trail,767-271-9008,182
64,Kuhic LLC,Magdalen Ewen,43945 Grim Center,665-144-2085,58
65,"Swaniawski, Dare and Strosin",Jaimie Trippick,1 Haas Junction,809-201-0561,848
66,Johns Inc,Marcella Tryhorn,618 Fieldstone Street,916-960-8022,7
67,Sanford Inc,Rivi Goult,1450 Rowland Alley,652-934-5679,907
68,Jones LLC,Ainsley Pesak,9188 Erie Place,942-726-0794,875
69,"Hyatt, Daugherty and Nienow",Vanny Toplis,38 Glendale Terrace,828-178-8460,173
70,"Reinger, Crist and Haley",Ranique Shorthouse,6016 Knutson Street,118-688-5703,739
71,Heller LLC,Jessamine Danilchik,1689 Bluestem Point,869-974-0252,864
72,Ankunding Group,Guido Glasheen,85227 Wayridge Circle,523-814-7835,34
73,"MacGyver, Conroy and Hoppe",Weber Creeboe,868 Continental Circle,128-317-2943,427
74,"Labadie, Emmerich and Leuschke",Mella Breche,46 Rutledge Trail,349-207-2382,148
75,"Grant, Flatley and Brekke",Hannie Battrick,32 Sachs Junction,200-835-8723,298
76,Kutch-Wuckert,Kirbee Densumbe,587 Anthes Point,454-235-4583,739
77,Kihn Inc,Avrit Chillingsworth,8578 Becker Road,543-553-0308,593
78,"Mayer, Crist and Pollich",Tarrah Cubberley,43438 School Plaza,603-386-5658,108
79,Haley LLC,Sheri Heape,735 Luster Junction,343-676-9505,103
80,"Reichert, Rutherford and Spencer",Sinclare Burgess,3 Harbort Trail,605-123-7786,811
81,"Lueilwitz, Kemmer and Bernhard",Wilona Catlette,48870 Pearson Point,148-923-3839,701
82,Pfeffer-Lesch,Leesa Axleby,56 David Avenue,542-329-9306,910
83,Moen LLC,Cecilius Mar,788 Coolidge Terrace,218-907-3605,282
84,Rolfson Inc,Jakie Kingsworth,7151 Blue Bill Park Junction,387-316-8624,239
85,"Beier, Collier and Moen",Lauretta Forsbey,2648 Aberg Parkway,262-885-3715,357
86,Nienow-Keebler,Sayers Oleksinski,14 Waywood Pass,243-954-3834,349
87,"Ullrich, Lockman and Oberbrunner",Denys Melesk,90 Debra Alley,832-771-2464,14
88,"Cronin, MacGyver and Greenfelder",Nance Arnot,75 Warner Way,861-326-9070,336
89,"O'Kon, Labadie and Gerlach",Andriana Pendered,6 Mandrake Court,105-788-6645,111
90,"Kassulke, Kuhic and Kuvalis",Megan Kubicek,0507 Maple Crossing,245-423-8400,177
91,Wisoky and Sons,Cordula Duckers,592 Derek Court,989-927-7497,703
92,Thiel-Collins,Marlow Havercroft,32 Pond Alley,146-147-6210,461
93,"Treutel, Cummerata and Treutel",Arlee Jellis,97964 Arrowood Drive,503-271-5928,463
94,Ernser-Little,Nigel Gypson,242 Trailsway Terrace,396-535-8593,581
95,"Zboncak, Moen and Gutkowski",Sadie Garthside,76393 Evergreen Junction,176-274-2043,628
96,Schmitt-Weber,Igor Sutherington,2 Maywood Place,922-584-9007,898
97,"Batz, Kassulke and Batz",Estelle Storrie,0 Summit Circle,526-821-7622,765
98,Zemlak-Wilkinson,Carlie Leisman,0167 Schlimgen Terrace,760-929-0714,392
99,Aufderhar-Bergstrom,Giffie Filipowicz,2166 Ridgeview Hill,865-579-6368,517
100,Bosco-Nolan,Kelby Teager,39 Annamark Crossing,926-905-6941,903
