Invoice ID,Order ID,Invoice Date,Billing Address,Amount,Status ID
1,,12/7/2022,134 Esch Crossing,71.85,
2,,6/15/2023,29703 Sachtjen Terrace,62.01,
3,,10/22/2023,0 Menomonie Crossing,97.09,
4,,1/2/2023,082 Quincy Lane,16.72,
5,,5/6/2023,4991 Anzinger Terrace,1.56,
6,,5/29/2023,0 Thackeray Junction,57.72,
7,,7/3/2023,5280 Melody Alley,37.86,
8,,4/2/2023,74 Hoepker Avenue,29.44,
9,,7/13/2023,1715 Hanover Drive,59.05,
10,,3/29/2023,056 Cherokee Plaza,1.77,
11,,12/3/2022,621 Kropf Road,78.38,
12,,8/17/2023,7068 Jenifer Terrace,35.61,
13,,7/20/2023,8 Spaight Park,47.05,
14,,1/28/2023,4097 Arkansas Park,87.79,
15,,9/18/2023,88 Nobel Lane,19.18,
16,,5/8/2023,9 Stuart Lane,71.75,
17,,2/1/2023,49491 Charing Cross Drive,67.69,
18,,6/27/2023,305 Grasskamp Junction,69.79,
19,,7/5/2023,26937 Saint Paul Place,78.58,
20,,6/4/2023,544 Judy Drive,83.68,
21,,8/10/2023,69034 Logan Hill,47.93,
22,,3/12/2023,35254 2nd Point,9.81,
23,,1/26/2023,3 Havey Way,32.99,
24,,4/28/2023,85776 Melby Point,94.29,
25,,10/5/2023,13 Talisman Terrace,48.53,
26,,5/14/2023,38276 Nobel Park,66.9,
27,,1/28/2023,2129 Harbort Pass,57.02,
28,,9/22/2023,6189 Moose Hill,10.38,
29,,11/9/2022,6683 Kinsman Way,87.72,
30,,8/29/2023,12715 Emmet Parkway,44.03,
31,,6/19/2023,954 Springview Pass,77.38,
32,,10/15/2023,2306 Eagle Crest Court,22.96,
33,,7/27/2023,6249 Springs Avenue,27.48,
34,,2/21/2023,0966 Evergreen Center,69.2,
35,,2/20/2023,100 Atwood Road,67.81,
36,,10/26/2023,9584 Glacier Hill Plaza,25.51,
37,,6/10/2023,0336 High Crossing Court,85.1,
38,,11/24/2022,9 Summer Ridge Parkway,73.86,
39,,5/14/2023,9 Sunfield Hill,39.77,
40,,7/6/2023,06 Elmside Court,29.16,
41,,7/8/2023,26 Sunnyside Crossing,65.13,
42,,10/2/2023,09799 Green Way,62.31,
43,,3/13/2023,590 Manufacturers Lane,53.09,
44,,5/22/2023,32600 Continental Place,49.65,
45,,10/7/2023,856 Ilene Avenue,98.68,
46,,4/6/2023,0328 8th Place,34.05,
47,,3/9/2023,093 Merrick Way,45.65,
48,,5/4/2023,8 Lakewood Terrace,67.98,
49,,3/14/2023,61834 Mesta Terrace,45.89,
50,,6/26/2023,1 Colorado Junction,72.29,
51,,9/5/2023,033 Kingsford Center,14.08,
52,,8/10/2023,758 Cody Crossing,52.03,
53,,12/19/2022,2 Bellgrove Drive,94.18,
54,,2/24/2023,384 Caliangt Point,93.61,
55,,2/7/2023,452 Shopko Alley,40.12,
56,,1/4/2023,78 Rigney Road,23.96,
57,,11/16/2022,3 Sunnyside Drive,13.61,
58,,12/3/2022,02216 Mitchell Pass,42.41,
59,,12/6/2022,22 Darwin Hill,17.94,
60,,3/6/2023,576 Derek Center,50.78,
61,,3/28/2023,92906 Paget Lane,17.05,
62,,12/21/2022,767 Hollow Ridge Parkway,12.58,
63,,1/3/2023,5 Browning Park,54.9,
64,,4/19/2023,03 Kensington Way,78.93,
65,,3/12/2023,30 Brickson Park Junction,72.29,
66,,7/6/2023,3674 Oak Court,19.06,
67,,1/28/2023,97769 Bobwhite Court,93.83,
68,,8/27/2023,899 Anniversary Point,41.66,
69,,9/4/2023,5044 Sauthoff Crossing,10.41,
70,,9/1/2023,7274 Fieldstone Pass,30.14,
71,,1/28/2023,8453 Tony Trail,59.02,
72,,1/17/2023,36 Monica Center,68.19,
73,,2/7/2023,22717 6th Drive,51.92,
74,,4/6/2023,2764 Barnett Terrace,90.17,
75,,6/12/2023,7 Loftsgordon Road,7.94,
76,,6/28/2023,73 Butternut Avenue,45.77,
77,,11/29/2022,3 Bartelt Street,96.51,
78,,10/16/2023,5529 Reindahl Alley,85.48,
79,,6/11/2023,07 Vidon Way,74.74,
80,,2/12/2023,16 2nd Way,54.93,
81,,12/7/2022,0456 Loftsgordon Circle,84.5,
82,,5/24/2023,9 Comanche Circle,88.5,
83,,12/9/2022,4839 Westend Terrace,98.42,
84,,1/29/2023,99 Farwell Junction,87.86,
85,,6/19/2023,535 Towne Hill,67.96,
86,,11/30/2022,96892 Twin Pines Point,98.42,
87,,6/4/2023,37 Schurz Terrace,66.05,
88,,12/11/2022,79061 Sauthoff Court,89.7,
89,,7/5/2023,9950 Bellgrove Parkway,70.72,
90,,10/27/2023,9 Stephen Street,24.43,
91,,12/13/2022,09 Sherman Crossing,9.02,
92,,6/19/2023,019 Monica Plaza,86.55,
93,,9/10/2023,7457 Donald Alley,25.66,
94,,10/6/2023,04 Stoughton Way,72.43,
95,,10/18/2023,6 Oxford Point,90.0,
96,,10/21/2023,60592 Oak Lane,18.45,
97,,4/5/2023,4 Hoffman Alley,38.69,
98,,4/16/2023,6285 Di Loreto Hill,55.26,
99,,12/30/2022,338 Lakewood Junction,28.28,
100,,11/18/2022,664 Artisan Park,59.55,
101,,6/13/2023,97 Rowland Lane,36.08,
102,,5/7/2023,68 Loeprich Avenue,54.9,
103,,1/25/2023,7 Northridge Lane,61.2,
104,,12/22/2022,871 Esker Crossing,1.68,
105,,7/13/2023,8110 Grover Park,52.99,
106,,12/30/2022,5 Eastwood Street,44.55,
107,,8/25/2023,7548 David Point,29.04,
108,,5/20/2023,29518 New Castle Way,42.93,
109,,10/20/2023,6485 Shoshone Junction,12.73,
110,,7/3/2023,50648 Crownhardt Junction,27.74,
111,,3/16/2023,925 Bluestem Crossing,71.44,
112,,3/28/2023,91 Ridgeway Way,25.49,
113,,9/11/2023,04473 Lien Place,93.08,
114,,8/27/2023,97 Calypso Plaza,97.47,
115,,8/23/2023,9 Arkansas Trail,44.8,
116,,8/12/2023,5995 Grim Avenue,32.66,
117,,9/4/2023,602 Merry Junction,75.87,
118,,8/18/2023,600 Spaight Pass,49.54,
119,,4/21/2023,0099 Lillian Avenue,84.98,
120,,6/23/2023,1 Westport Park,28.37,
121,,2/10/2023,55536 Oneill Point,66.25,
122,,5/25/2023,5 Jenifer Circle,64.29,
123,,4/16/2023,3 Rowland Place,38.74,
124,,7/5/2023,496 Forest Terrace,60.06,
125,,2/13/2023,2 Delladonna Parkway,29.65,
126,,7/25/2023,01193 Pawling Road,57.86,
127,,6/13/2023,96 Dottie Park,76.53,
128,,1/27/2023,50981 Dayton Center,15.82,
129,,3/8/2023,0788 Tennessee Trail,7.25,
130,,3/19/2023,23095 Eastwood Alley,84.54,
131,,11/30/2022,05722 Northland Lane,58.13,
132,,3/2/2023,581 Jana Terrace,81.71,
133,,9/28/2023,62 Superior Pass,93.32,
134,,11/22/2022,5827 Glacier Hill Terrace,86.39,
135,,11/22/2022,33 Dunning Pass,16.57,
136,,11/8/2022,08 Manitowish Street,93.55,
137,,3/17/2023,992 Farwell Road,55.42,
138,,1/14/2023,7423 Randy Parkway,40.26,
139,,12/8/2022,5945 Acker Place,57.36,
140,,1/11/2023,44662 Carey Point,33.65,
141,,5/23/2023,323 Westport Terrace,50.6,
142,,11/11/2022,61281 Basil Plaza,20.25,
143,,3/15/2023,676 Onsgard Parkway,87.35,
144,,10/13/2023,21394 Russell Court,12.08,
145,,7/14/2023,396 Meadow Vale Crossing,34.18,
146,,5/14/2023,6 Dakota Junction,17.16,
147,,5/9/2023,9484 Express Place,62.19,
148,,10/28/2023,16713 Express Terrace,14.25,
149,,8/11/2023,382 Carioca Drive,10.5,
150,,3/27/2023,391 Farragut Road,52.16,
151,,11/27/2022,27 Comanche Way,96.82,
152,,8/10/2023,647 Anzinger Drive,42.16,
153,,11/23/2022,707 Ruskin Street,63.03,
154,,4/5/2023,32111 Armistice Point,15.53,
155,,10/11/2023,8052 Burrows Center,69.64,
156,,4/15/2023,5 Banding Crossing,86.84,
157,,9/17/2023,0 Lawn Plaza,7.64,
158,,7/15/2023,8 Quincy Lane,55.19,
159,,4/14/2023,75011 Pankratz Plaza,89.79,
160,,5/15/2023,0825 Dixon Avenue,56.87,
161,,3/8/2023,88556 Truax Pass,61.95,
162,,3/13/2023,2078 Hanson Plaza,90.1,
163,,11/12/2022,8636 Heath Avenue,96.27,
164,,8/23/2023,91433 Ronald Regan Center,73.65,
165,,8/7/2023,82873 Blackbird Junction,29.41,
166,,1/23/2023,9 Southridge Crossing,56.52,
167,,12/7/2022,1 Algoma Drive,67.24,
168,,6/20/2023,26 Holy Cross Street,74.93,
169,,4/20/2023,2 Chinook Avenue,69.18,
170,,8/2/2023,4 Duke Trail,5.83,
171,,9/2/2023,24420 Commercial Hill,67.35,
172,,4/22/2023,8 Sachs Hill,13.91,
173,,1/7/2023,13675 Stone Corner Street,26.07,
174,,4/2/2023,54875 Becker Center,98.3,
175,,6/22/2023,922 Mitchell Park,66.07,
176,,8/22/2023,47 Duke Plaza,42.39,
177,,6/14/2023,3035 Mitchell Crossing,37.49,
178,,1/8/2023,3978 Petterle Alley,49.37,
179,,11/25/2022,10 Lindbergh Way,97.46,
180,,2/8/2023,7173 Kennedy Lane,65.35,
181,,2/26/2023,37 Northview Parkway,20.38,
182,,2/8/2023,80155 Waubesa Pass,26.26,
183,,9/25/2023,1515 Eastlawn Trail,23.89,
184,,8/10/2023,8255 Lillian Crossing,4.26,
185,,3/8/2023,6 Straubel Pass,33.18,
186,,5/17/2023,78 Tennyson Park,87.94,
187,,4/2/2023,79 Canary Way,88.53,
188,,5/19/2023,89 Judy Lane,48.18,
189,,10/16/2023,088 Gina Circle,62.7,
190,,1/24/2023,1875 Superior Road,18.95,
191,,9/29/2023,16 Red Cloud Circle,45.24,
192,,2/21/2023,874 Montana Street,80.49,
193,,9/30/2023,29075 Straubel Place,36.32,
194,,8/26/2023,383 Milwaukee Street,21.92,
195,,11/19/2022,4 Oakridge Street,69.59,
196,,8/30/2023,5125 Express Point,47.43,
197,,12/15/2022,062 Moland Avenue,14.12,
198,,4/1/2023,6224 Carioca Way,67.74,
199,,11/21/2022,63 Warrior Avenue,73.61,
200,,11/18/2022,34153 Mariners Cove Lane,64.14,
201,,3/19/2023,52 Old Shore Place,41.2,
202,,1/21/2023,198 Darwin Circle,74.41,
203,,9/1/2023,32 Muir Road,35.76,
204,,9/23/2023,5 Delladonna Alley,15.98,
205,,12/29/2022,5502 Kim Circle,51.89,
206,,8/27/2023,6 Parkside Center,11.71,
207,,6/8/2023,89 Village Green Court,2.45,
208,,4/3/2023,272 Fremont Street,92.77,
209,,5/30/2023,469 Havey Place,15.05,
210,,6/19/2023,9 Porter Park,68.53,
211,,5/10/2023,2 Green Ridge Way,17.97,
212,,8/25/2023,3728 Mallard Place,81.69,
213,,8/23/2023,9 Vidon Parkway,35.03,
214,,4/14/2023,3939 Welch Drive,69.29,
215,,2/22/2023,06 Portage Pass,18.04,
216,,12/24/2022,99 Reinke Way,10.59,
217,,5/24/2023,35221 Troy Road,51.62,
218,,9/25/2023,211 Ludington Street,51.82,
219,,12/24/2022,2 Thackeray Parkway,62.28,
220,,3/26/2023,12 Hagan Court,64.05,
221,,1/14/2023,133 Scoville Park,6.53,
222,,5/8/2023,796 Northland Drive,16.08,
223,,1/9/2023,997 Mcbride Road,81.19,
224,,4/1/2023,250 Kim Point,3.79,
225,,4/24/2023,14664 Mendota Street,29.09,
226,,3/17/2023,7657 Jay Hill,3.11,
227,,1/13/2023,000 Milwaukee Trail,19.6,
228,,4/7/2023,4 Warner Street,87.55,
229,,11/18/2022,261 Golf Course Park,72.53,
230,,9/30/2023,96989 Hoffman Lane,92.54,
231,,5/3/2023,5 Drewry Pass,73.46,
232,,4/11/2023,0242 Talmadge Place,58.49,
233,,1/16/2023,2417 Ridgeway Circle,14.46,
234,,1/12/2023,6189 Longview Street,77.63,
235,,10/26/2023,5 Village Way,33.02,
236,,7/17/2023,61 Dottie Street,47.02,
237,,2/14/2023,376 Elka Junction,97.74,
238,,11/14/2022,40 Old Gate Hill,9.41,
239,,9/17/2023,92543 Sachtjen Street,9.01,
240,,4/22/2023,793 Buhler Avenue,90.5,
241,,12/6/2022,835 Ludington Center,16.04,
242,,5/23/2023,11248 Veith Street,11.97,
243,,1/5/2023,991 Walton Alley,27.62,
244,,12/20/2022,908 Larry Trail,68.28,
245,,9/23/2023,8 Homewood Pass,26.22,
246,,5/29/2023,61990 Carpenter Pass,39.98,
247,,6/7/2023,810 Little Fleur Trail,94.21,
248,,2/2/2023,3 Kedzie Parkway,19.61,
249,,8/31/2023,578 Petterle Place,7.27,
250,,6/5/2023,5376 Sloan Junction,58.73,
251,,7/3/2023,9781 Shoshone Avenue,16.4,
252,,9/11/2023,277 Eggendart Center,66.28,
253,,6/21/2023,5802 Artisan Alley,10.09,
254,,3/8/2023,6 Miller Point,59.0,
255,,5/14/2023,559 Manufacturers Park,57.6,
256,,6/20/2023,38 Di Loreto Avenue,90.72,
257,,12/22/2022,8538 Anzinger Pass,19.65,
258,,11/22/2022,8 American Ash Junction,61.74,
259,,5/20/2023,52586 Gulseth Drive,79.99,
260,,9/9/2023,4 Burrows Crossing,46.8,
261,,3/26/2023,1 Kropf Alley,58.76,
262,,12/29/2022,34 Dixon Park,81.26,
263,,7/2/2023,007 Dakota Center,50.15,
264,,6/10/2023,50924 Killdeer Circle,83.1,
265,,1/17/2023,6389 Spenser Plaza,76.88,
266,,7/25/2023,233 Emmet Lane,91.68,
267,,2/19/2023,21 Shoshone Center,16.57,
268,,4/20/2023,3 Hauk Center,52.42,
269,,12/16/2022,2694 Kings Place,96.13,
270,,12/24/2022,82010 Mesta Street,64.71,
271,,7/24/2023,61369 Moulton Point,57.78,
272,,2/27/2023,8984 Morrow Park,67.11,
273,,10/27/2023,66 Milwaukee Court,89.67,
274,,7/3/2023,9 Everett Street,83.33,
275,,5/2/2023,0026 Moland Point,41.04,
276,,9/15/2023,37 Little Fleur Court,50.37,
277,,8/6/2023,170 Schmedeman Crossing,35.69,
278,,9/23/2023,663 Dixon Place,14.78,
279,,2/23/2023,07 Northfield Point,84.13,
280,,11/30/2022,77 Park Meadow Crossing,2.81,
281,,10/9/2023,7 Washington Park,32.81,
282,,10/24/2023,97830 Bartelt Circle,36.72,
283,,2/18/2023,8 Fisk Point,86.01,
284,,6/21/2023,25030 Badeau Junction,42.02,
285,,9/7/2023,3100 Ridge Oak Hill,93.98,
286,,7/5/2023,8925 Pennsylvania Center,69.13,
287,,9/26/2023,54113 Dottie Point,28.59,
288,,11/11/2022,63 Becker Park,75.7,
289,,4/19/2023,2 Carberry Junction,73.17,
290,,11/29/2022,27 Tomscot Circle,33.12,
291,,8/24/2023,40 Hallows Road,78.95,
292,,8/11/2023,04 Eggendart Road,34.13,
293,,10/29/2023,6 Westridge Road,34.68,
294,,11/27/2022,9890 Crownhardt Center,65.28,
295,,5/19/2023,63 Farwell Place,50.25,
296,,4/26/2023,75782 Montana Place,45.92,
297,,1/6/2023,40023 School Hill,91.21,
298,,9/10/2023,35372 Butterfield Crossing,20.28,
299,,1/25/2023,67498 Maywood Circle,98.66,
300,,7/13/2023,893 Shelley Center,11.78,
301,,1/20/2023,6975 Sycamore Way,19.04,
302,,2/10/2023,4 Oak Park,45.8,
303,,10/3/2023,507 Badeau Trail,41.39,
304,,2/8/2023,29921 Cascade Circle,78.5,
305,,6/30/2023,9 Glacier Hill Court,9.97,
306,,1/11/2023,34 Eagan Lane,32.75,
307,,2/7/2023,86 Westend Plaza,17.72,
308,,1/22/2023,83443 Dawn Park,44.54,
309,,9/30/2023,2 South Center,18.9,
310,,4/29/2023,771 Towne Junction,78.47,
311,,4/4/2023,12649 Iowa Way,31.74,
312,,8/6/2023,1903 Victoria Trail,98.22,
313,,11/22/2022,17141 Jackson Junction,29.34,
314,,10/14/2023,5536 Mayfield Junction,19.21,
315,,6/17/2023,4 Pierstorff Avenue,29.1,
316,,10/27/2023,74 Grasskamp Trail,87.15,
317,,7/10/2023,9 Meadow Ridge Lane,25.04,
318,,10/15/2023,5 Leroy Center,52.93,
319,,3/12/2023,7 Merchant Road,40.06,
320,,11/22/2022,327 Daystar Lane,55.22,
321,,4/28/2023,16406 Riverside Court,64.02,
322,,7/19/2023,22 American Ash Crossing,78.27,
323,,12/5/2022,3699 Talmadge Park,92.93,
324,,3/29/2023,60897 Bluejay Court,16.49,
325,,6/19/2023,50 Homewood Circle,78.45,
326,,6/18/2023,62795 Lindbergh Junction,29.95,
327,,6/15/2023,09 Village Way,7.36,
328,,9/22/2023,795 Fair Oaks Point,57.38,
329,,10/4/2023,5 Oakridge Hill,21.36,
330,,12/24/2022,42243 Division Court,92.47,
331,,3/1/2023,805 Washington Place,16.23,
332,,9/1/2023,2438 Grover Point,84.32,
333,,2/4/2023,0 Florence Court,67.59,
334,,11/8/2022,47 Hanover Parkway,62.59,
335,,3/19/2023,69485 South Way,97.69,
336,,10/5/2023,6 Red Cloud Terrace,37.81,
337,,9/25/2023,61 Anzinger Alley,26.38,
338,,12/31/2022,12592 Stone Corner Way,43.33,
339,,7/10/2023,5095 Fulton Way,91.41,
340,,1/24/2023,828 High Crossing Court,43.85,
341,,9/5/2023,285 Anthes Center,92.85,
342,,12/2/2022,9 Forster Park,25.89,
343,,2/24/2023,502 Golden Leaf Center,80.53,
344,,10/6/2023,34130 Anzinger Terrace,6.12,
345,,9/19/2023,13776 Veith Center,96.17,
346,,3/6/2023,96 Buhler Trail,39.89,
347,,8/3/2023,7140 New Castle Terrace,1.32,
348,,10/5/2023,129 Fairview Place,40.94,
349,,9/16/2023,5220 Randy Way,37.72,
350,,9/23/2023,198 Welch Terrace,54.98,
351,,4/14/2023,8146 Lunder Way,27.76,
352,,12/16/2022,19923 Park Meadow Crossing,52.63,
353,,3/5/2023,75616 Scofield Parkway,4.1,
354,,3/12/2023,79829 Starling Pass,45.05,
355,,1/5/2023,2962 Elgar Park,54.08,
356,,2/13/2023,11 Sunnyside Avenue,67.54,
357,,4/6/2023,54607 Lake View Court,2.76,
358,,6/17/2023,3220 Helena Park,36.7,
359,,9/4/2023,6695 Buell Pass,16.58,
360,,3/22/2023,02 Kingsford Avenue,52.42,
361,,11/28/2022,94027 Ohio Alley,15.21,
362,,2/16/2023,19251 Columbus Alley,71.02,
363,,9/30/2023,789 Derek Hill,85.18,
364,,3/13/2023,73 Vera Parkway,99.36,
365,,3/19/2023,38727 Becker Trail,98.58,
366,,5/26/2023,514 Roth Hill,6.36,
367,,5/20/2023,2 Eastlawn Terrace,35.25,
368,,2/20/2023,6419 Texas Trail,37.27,
369,,7/16/2023,6 Oakridge Place,30.0,
370,,12/20/2022,6 Lake View Court,9.99,
371,,3/4/2023,0917 Mcbride Circle,54.15,
372,,7/5/2023,62 Grasskamp Junction,22.73,
373,,11/19/2022,53175 Anniversary Alley,51.47,
374,,5/22/2023,6 Fairfield Point,58.97,
375,,2/13/2023,477 Tennyson Pass,29.34,
376,,3/4/2023,1628 Oneill Road,40.15,
377,,8/20/2023,757 Esch Road,70.09,
378,,4/11/2023,6 Delaware Plaza,69.15,
379,,11/13/2022,66507 Granby Junction,28.84,
380,,2/20/2023,43 Holmberg Place,12.2,
381,,8/6/2023,55 Onsgard Junction,32.18,
382,,9/17/2023,4611 Elgar Terrace,70.73,
383,,6/29/2023,72056 Lotheville Way,55.65,
384,,2/18/2023,25309 Badeau Avenue,23.66,
385,,4/13/2023,3 Gale Point,39.09,
386,,6/24/2023,476 Havey Way,58.56,
387,,10/3/2023,665 Corry Street,22.5,
388,,3/10/2023,65459 Melrose Plaza,34.84,
389,,11/18/2022,0265 Stephen Street,84.01,
390,,7/19/2023,9200 Stoughton Way,54.16,
391,,4/4/2023,4 Ridge Oak Junction,36.42,
392,,3/12/2023,9 Dahle Terrace,19.59,
393,,6/26/2023,42377 Meadow Ridge Plaza,10.91,
394,,10/10/2023,36325 Service Road,82.22,
395,,7/13/2023,20175 Di Loreto Place,16.32,
396,,2/22/2023,588 Ryan Lane,1.03,
397,,8/29/2023,2 Thompson Plaza,56.68,
398,,11/3/2022,32 Kings Plaza,15.74,
399,,1/19/2023,90271 Pearson Pass,3.08,
400,,6/28/2023,9 Eastlawn Drive,38.41,
401,,1/23/2023,34020 Oneill Pass,82.96,
402,,7/13/2023,404 Waywood Way,47.97,
403,,5/17/2023,09669 Pond Lane,94.06,
404,,9/9/2023,6 Browning Court,90.36,
405,,4/26/2023,2 Northwestern Alley,51.72,
406,,8/4/2023,7033 Corry Hill,93.7,
407,,3/9/2023,14 Saint Paul Plaza,97.33,
408,,9/10/2023,1150 Knutson Park,57.57,
409,,1/12/2023,07207 Goodland Street,33.22,
410,,9/19/2023,26 Dixon Point,73.81,
411,,8/25/2023,0 Hanover Way,17.92,
412,,7/9/2023,32889 Maple Crossing,57.91,
413,,8/15/2023,55549 Westport Center,98.43,
414,,9/28/2023,0826 Pierstorff Plaza,5.09,
415,,12/25/2022,82723 Macpherson Drive,38.73,
416,,1/28/2023,3 Erie Point,35.61,
417,,8/23/2023,55 Meadow Valley Terrace,13.02,
418,,7/25/2023,7582 Welch Place,53.4,
419,,2/9/2023,1154 Graedel Circle,12.24,
420,,12/19/2022,8 Forest Court,47.85,
421,,1/6/2023,63 Packers Junction,52.28,
422,,6/5/2023,0995 Pond Trail,2.03,
423,,11/22/2022,90981 Mitchell Crossing,31.24,
424,,8/2/2023,38209 Upham Court,15.8,
425,,5/16/2023,6482 Sutteridge Pass,26.2,
426,,4/3/2023,76 3rd Center,23.4,
427,,12/31/2022,90 Dryden Hill,29.95,
428,,8/24/2023,3 Lien Way,83.31,
429,,4/19/2023,850 Gerald Street,55.34,
430,,4/2/2023,84009 Sauthoff Crossing,32.68,
431,,12/23/2022,5618 Browning Hill,66.49,
432,,1/17/2023,068 Browning Parkway,76.22,
433,,11/21/2022,7 Toban Plaza,47.77,
434,,1/7/2023,2 Darwin Center,62.42,
435,,2/27/2023,48363 Kennedy Terrace,76.96,
436,,12/1/2022,2140 Havey Pass,66.9,
437,,4/3/2023,0908 Buhler Plaza,78.7,
438,,2/22/2023,05632 Loftsgordon Way,62.49,
439,,12/4/2022,85 Luster Court,57.47,
440,,12/26/2022,3279 Schiller Place,69.8,
441,,12/2/2022,40796 Swallow Street,94.45,
442,,1/6/2023,442 Dottie Parkway,29.68,
443,,8/5/2023,49 Northland Crossing,41.42,
444,,8/11/2023,08 Sutteridge Place,9.21,
445,,1/5/2023,983 Farwell Pass,33.69,
446,,9/19/2023,6 Sullivan Alley,53.88,
447,,9/17/2023,24981 Vidon Drive,22.39,
448,,8/2/2023,42 Shasta Trail,36.84,
449,,8/22/2023,8093 Mariners Cove Center,42.54,
450,,10/14/2023,7 Heffernan Plaza,51.47,
451,,6/30/2023,5 Bartelt Street,65.16,
452,,4/14/2023,91 Nancy Hill,23.5,
453,,11/30/2022,17778 Lerdahl Place,57.97,
454,,2/26/2023,1 Holy Cross Avenue,93.14,
455,,5/14/2023,8030 Lukken Way,59.34,
456,,7/23/2023,5048 Moose Street,91.33,
457,,4/18/2023,403 Lillian Pass,44.4,
458,,12/20/2022,4 Kim Park,36.22,
459,,12/19/2022,4 Parkside Court,81.55,
460,,7/26/2023,302 Meadow Valley Crossing,61.51,
461,,6/8/2023,2983 Center Place,89.34,
462,,4/7/2023,50564 Mitchell Court,57.2,
463,,12/14/2022,92577 Rusk Pass,62.67,
464,,12/27/2022,7 Eggendart Place,3.09,
465,,6/6/2023,41933 Porter Avenue,51.69,
466,,12/8/2022,96 Crescent Oaks Way,87.18,
467,,2/26/2023,6 Independence Point,42.94,
468,,11/4/2022,3 Marcy Trail,52.95,
469,,7/15/2023,28 Crest Line Hill,12.11,
470,,12/7/2022,5758 Onsgard Road,25.59,
471,,6/27/2023,982 Pond Circle,83.24,
472,,11/8/2022,708 Dayton Pass,83.82,
473,,7/29/2023,1620 Twin Pines Plaza,34.77,
474,,11/6/2022,611 Sundown Drive,41.91,
475,,6/30/2023,70 Corry Crossing,65.53,
476,,12/14/2022,2555 Cody Avenue,31.64,
477,,6/10/2023,808 Buell Street,18.91,
478,,11/12/2022,75 Lawn Terrace,45.03,
479,,1/29/2023,3 Washington Crossing,68.73,
480,,10/9/2023,182 Loeprich Plaza,54.16,
481,,9/3/2023,353 Surrey Street,97.87,
482,,2/19/2023,3647 Reinke Junction,6.75,
483,,7/13/2023,542 Mifflin Way,3.26,
484,,7/30/2023,10 Packers Road,67.19,
485,,8/29/2023,176 Kennedy Trail,36.46,
486,,11/13/2022,758 Sommers Alley,9.23,
487,,1/22/2023,42034 Mcbride Place,3.5,
488,,8/24/2023,29 Evergreen Circle,29.55,
489,,7/2/2023,619 Thompson Point,86.5,
490,,5/15/2023,3 Milwaukee Crossing,88.71,
491,,12/28/2022,741 Del Sol Alley,21.97,
492,,3/7/2023,230 Ruskin Point,97.23,
493,,1/23/2023,51 Eagan Court,24.97,
494,,8/18/2023,355 Helena Circle,29.76,
495,,7/25/2023,26802 Center Circle,13.55,
496,,10/7/2023,27 Kinsman Street,96.82,
497,,12/12/2022,2 Bayside Way,22.62,
498,,6/8/2023,9673 Calypso Lane,66.38,
499,,8/9/2023,93406 Delladonna Terrace,20.87,
500,,10/23/2023,591 Fisk Way,16.59,
501,,12/14/2022,9 Kensington Lane,55.46,
502,,10/4/2023,4 Eagle Crest Park,8.94,
503,,4/25/2023,53478 Sullivan Avenue,56.87,
504,,8/13/2023,5841 Cascade Junction,43.92,
505,,3/15/2023,9270 Center Street,17.55,
506,,7/26/2023,85 Corry Trail,16.62,
507,,8/17/2023,989 Meadow Vale Street,6.19,
508,,4/17/2023,0973 Havey Alley,45.64,
509,,3/16/2023,30563 Onsgard Way,50.63,
510,,6/9/2023,171 Anniversary Crossing,80.66,
511,,11/6/2022,16447 Orin Court,69.4,
512,,6/24/2023,7 Basil Crossing,82.47,
513,,10/10/2023,14048 Drewry Street,40.52,
514,,12/9/2022,4062 Swallow Point,33.31,
515,,7/29/2023,80065 Eagle Crest Parkway,73.99,
516,,6/18/2023,6508 Russell Place,30.9,
517,,5/1/2023,7836 Leroy Avenue,80.16,
518,,12/9/2022,61612 Kensington Street,28.14,
519,,5/11/2023,919 Dahle Hill,51.56,
520,,2/4/2023,33463 Linden Circle,30.6,
521,,4/1/2023,51126 Westerfield Park,41.28,
522,,9/4/2023,77 South Lane,91.66,
523,,9/24/2023,532 5th Trail,45.87,
524,,9/22/2023,3874 Bultman Circle,76.02,
525,,2/13/2023,4 Stuart Pass,49.88,
526,,7/28/2023,78 Birchwood Pass,48.29,
527,,12/2/2022,7650 Hintze Park,80.54,
528,,8/29/2023,175 Steensland Drive,75.59,
529,,2/27/2023,2107 Stang Alley,7.7,
530,,6/15/2023,682 Sunnyside Circle,47.0,
531,,11/13/2022,599 Nova Crossing,52.43,
532,,5/16/2023,89485 Roth Terrace,71.65,
533,,7/16/2023,609 Northridge Court,76.97,
534,,3/5/2023,3 Russell Center,65.35,
535,,12/5/2022,918 Sachs Drive,2.66,
536,,2/20/2023,28 Fallview Drive,1.28,
537,,2/4/2023,34 Blaine Park,16.02,
538,,5/17/2023,536 Carberry Drive,51.83,
539,,9/5/2023,48 Fordem Point,27.33,
540,,4/25/2023,80 Artisan Parkway,97.17,
541,,11/26/2022,5 Heath Avenue,8.77,
542,,9/4/2023,512 Crowley Crossing,44.85,
543,,7/19/2023,3 Miller Point,88.89,
544,,8/25/2023,63316 Lotheville Pass,71.86,
545,,5/13/2023,91 Daystar Crossing,36.01,
546,,10/28/2023,9 Corben Drive,33.62,
547,,3/12/2023,58901 Harbort Place,20.16,
548,,9/23/2023,29 Russell Drive,35.62,
549,,12/6/2022,698 Nancy Place,3.21,
550,,2/20/2023,747 Green Ridge Street,50.3,
551,,1/4/2023,612 Main Terrace,29.17,
552,,2/23/2023,758 Springs Park,57.13,
553,,9/4/2023,21885 Upham Alley,8.13,
554,,9/3/2023,38954 Prentice Street,33.77,
555,,8/10/2023,97 Continental Hill,86.14,
556,,12/4/2022,0 Esch Park,18.97,
557,,1/1/2023,8 Barby Park,58.71,
558,,4/21/2023,08604 Hollow Ridge Drive,68.95,
559,,1/31/2023,55241 Rutledge Hill,63.55,
560,,11/7/2022,8 Bluejay Parkway,22.48,
561,,1/14/2023,34138 Northport Plaza,48.69,
562,,4/13/2023,03 Crescent Oaks Pass,5.14,
563,,1/19/2023,9 Dakota Pass,91.43,
564,,1/18/2023,127 Burning Wood Way,3.39,
565,,6/14/2023,3796 Marquette Way,32.01,
566,,9/2/2023,8398 Lerdahl Park,80.18,
567,,8/13/2023,9 Butternut Pass,80.47,
568,,11/15/2022,65613 Little Fleur Court,91.27,
569,,11/11/2022,0697 Grover Crossing,4.93,
570,,7/18/2023,91294 Becker Center,51.47,
571,,12/5/2022,61834 Killdeer Park,81.52,
572,,9/13/2023,9 Gina Lane,58.07,
573,,1/24/2023,262 Golden Leaf Way,14.32,
574,,12/9/2022,9377 Moose Terrace,85.55,
575,,11/13/2022,73 Pepper Wood Hill,82.27,
576,,11/22/2022,40915 Vernon Junction,38.7,
577,,1/4/2023,478 Annamark Plaza,94.73,
578,,8/27/2023,33672 Vera Lane,66.41,
579,,5/29/2023,970 Magdeline Plaza,72.09,
580,,5/21/2023,6 Del Mar Hill,5.41,
581,,5/31/2023,2 Londonderry Street,52.56,
582,,5/18/2023,91806 Tennessee Park,23.93,
583,,11/30/2022,2967 Veith Drive,30.87,
584,,2/10/2023,4646 Mesta Avenue,95.78,
585,,9/3/2023,30 Tennyson Road,50.88,
586,,1/6/2023,01786 Pennsylvania Park,89.78,
587,,2/12/2023,42933 Killdeer Plaza,28.22,
588,,4/4/2023,22 Atwood Alley,47.66,
589,,1/7/2023,5811 Loftsgordon Pass,65.53,
590,,8/27/2023,1 Londonderry Park,79.35,
591,,1/4/2023,4 Raven Trail,37.85,
592,,2/23/2023,91 Bunker Hill Place,76.31,
593,,3/21/2023,68984 Myrtle Lane,23.93,
594,,12/15/2022,150 Mallard Lane,53.31,
595,,11/1/2022,389 Packers Circle,28.35,
596,,7/7/2023,03542 Bunker Hill Alley,76.41,
597,,8/5/2023,49 Mcguire Point,49.83,
598,,4/30/2023,67 Thompson Way,93.86,
599,,6/12/2023,4976 Dapin Road,26.51,
600,,3/19/2023,82 Sunbrook Hill,39.65,
601,,2/7/2023,0 Acker Road,76.87,
602,,5/7/2023,25 Vermont Street,91.61,
603,,1/14/2023,92 Burning Wood Circle,44.91,
604,,9/10/2023,5 Fordem Pass,53.31,
605,,2/18/2023,8821 Summer Ridge Junction,53.96,
606,,10/12/2023,1199 Helena Way,43.61,
607,,11/20/2022,54 American Ash Junction,46.05,
608,,9/18/2023,1395 Forster Pass,9.6,
609,,9/20/2023,90845 Shasta Alley,72.66,
610,,6/4/2023,1 Evergreen Parkway,40.02,
611,,3/1/2023,459 Butterfield Place,4.09,
612,,8/12/2023,67285 Springview Alley,3.8,
613,,5/30/2023,77759 Heffernan Court,78.39,
614,,12/14/2022,7886 Butterfield Pass,82.24,
615,,5/25/2023,54 Arapahoe Alley,97.4,
616,,10/24/2023,64 Fuller Center,68.83,
617,,3/31/2023,31065 Jana Lane,91.7,
618,,2/7/2023,1 Veith Parkway,42.83,
619,,4/2/2023,77855 Burrows Road,72.73,
620,,5/29/2023,0 Arapahoe Place,70.7,
621,,3/29/2023,76008 Rigney Place,8.75,
622,,6/2/2023,93 Mendota Center,69.1,
623,,9/22/2023,113 Stang Circle,20.81,
624,,4/24/2023,09 Forest Dale Hill,91.88,
625,,11/3/2022,734 Loeprich Avenue,40.67,
626,,3/7/2023,27648 Springs Way,54.91,
627,,10/27/2023,4 Reindahl Drive,35.35,
628,,1/10/2023,53 Gina Drive,11.44,
629,,5/20/2023,4575 Springview Hill,47.11,
630,,9/16/2023,62 Maywood Place,14.2,
631,,3/1/2023,500 Westport Center,73.92,
632,,10/2/2023,63638 Summer Ridge Avenue,32.78,
633,,9/10/2023,0015 Lindbergh Park,86.19,
634,,11/11/2022,27047 Fremont Plaza,25.12,
635,,5/26/2023,226 Sutherland Junction,36.62,
636,,3/20/2023,9469 Village Alley,82.8,
637,,5/25/2023,7210 American Hill,15.98,
638,,4/28/2023,988 Spaight Drive,82.12,
639,,5/7/2023,5814 Colorado Crossing,8.1,
640,,4/23/2023,89030 Elmside Park,57.73,
641,,6/16/2023,5 Monument Pass,63.05,
642,,4/12/2023,57496 Cottonwood Alley,36.7,
643,,5/1/2023,483 Sycamore Drive,20.5,
644,,11/21/2022,2 Prairie Rose Avenue,25.19,
645,,1/15/2023,7 Commercial Lane,62.85,
646,,5/6/2023,3064 Roth Drive,98.43,
647,,7/17/2023,8 Elka Avenue,68.48,
648,,8/3/2023,32445 West Road,88.57,
649,,12/12/2022,59 Delladonna Way,74.25,
650,,3/30/2023,5 Johnson Hill,37.38,
651,,10/7/2023,83329 Farragut Alley,54.65,
652,,3/3/2023,65 Memorial Lane,69.79,
653,,7/13/2023,84152 Basil Trail,53.73,
654,,6/13/2023,7 Green Ridge Alley,76.75,
655,,5/21/2023,808 Russell Pass,94.24,
656,,2/14/2023,79297 Farmco Drive,20.13,
657,,8/4/2023,13756 Golf Drive,3.69,
658,,5/27/2023,1 Manley Trail,86.09,
659,,1/11/2023,05 Lakewood Center,56.01,
660,,6/11/2023,8 Westport Place,14.08,
661,,9/6/2023,5063 Dixon Trail,49.91,
662,,1/17/2023,9987 Ruskin Terrace,1.6,
663,,4/25/2023,87797 Browning Circle,98.73,
664,,6/19/2023,695 Carpenter Way,19.78,
665,,10/13/2023,82 Welch Alley,19.88,
666,,7/11/2023,1672 Fordem Plaza,89.69,
667,,6/16/2023,58 Farragut Drive,31.75,
668,,4/10/2023,053 Golf Course Park,18.74,
669,,7/7/2023,55 Hermina Circle,47.66,
670,,7/26/2023,17 Lawn Pass,17.68,
671,,2/18/2023,37 Brickson Park Road,3.61,
672,,8/31/2023,40585 Spenser Street,75.76,
673,,3/12/2023,3726 Park Meadow Way,94.48,
674,,2/22/2023,96 Alpine Terrace,75.04,
675,,6/1/2023,9 Dexter Parkway,76.63,
676,,3/16/2023,4 Linden Point,8.49,
677,,12/5/2022,09674 Sachtjen Circle,82.88,
678,,1/9/2023,12352 Nevada Lane,50.54,
679,,2/7/2023,46883 Tennessee Lane,87.86,
680,,5/17/2023,77 Bowman Junction,64.92,
681,,8/7/2023,636 Larry Drive,77.85,
682,,10/5/2023,706 Thackeray Hill,6.98,
683,,11/12/2022,4462 Dakota Hill,54.94,
684,,11/4/2022,87 Dunning Pass,92.08,
685,,11/17/2022,278 Orin Junction,70.86,
686,,12/31/2022,74 Hintze Center,40.18,
687,,10/25/2023,7 Express Park,43.72,
688,,10/22/2023,18814 Ramsey Center,56.03,
689,,11/11/2022,0644 Washington Pass,84.19,
690,,4/13/2023,335 Cascade Court,97.88,
691,,9/29/2023,340 Fuller Circle,12.75,
692,,7/8/2023,68 Superior Center,64.19,
693,,3/23/2023,3081 Weeping Birch Park,7.24,
694,,11/4/2022,26 Bartelt Hill,93.44,
695,,11/12/2022,8125 Petterle Lane,14.12,
696,,10/20/2023,781 Bowman Lane,98.46,
697,,2/27/2023,9 Spaight Place,86.8,
698,,12/31/2022,3888 Hudson Drive,32.68,
699,,4/14/2023,9 Bunting Lane,35.79,
700,,8/24/2023,3 Thierer Hill,75.36,
701,,3/30/2023,241 Carberry Road,70.41,
702,,8/2/2023,2071 Truax Hill,6.47,
703,,2/19/2023,71129 Bunker Hill Point,89.16,
704,,6/3/2023,22435 5th Crossing,68.05,
705,,7/27/2023,8220 Shasta Park,61.21,
706,,9/23/2023,3 Maple Wood Avenue,42.63,
707,,2/5/2023,05433 Russell Alley,59.95,
708,,12/19/2022,5420 Scofield Park,27.57,
709,,10/30/2022,88173 Weeping Birch Circle,47.47,
710,,12/5/2022,9949 Kenwood Park,50.08,
711,,4/9/2023,10697 Merry Junction,52.61,
712,,4/29/2023,5138 Delaware Terrace,4.94,
713,,6/6/2023,61947 Cardinal Park,67.11,
714,,11/27/2022,65146 3rd Terrace,64.32,
715,,2/6/2023,9 Petterle Way,88.45,
716,,7/22/2023,1162 Shelley Lane,66.81,
717,,2/23/2023,1938 Morningstar Pass,67.63,
718,,11/6/2022,9563 Walton Alley,66.69,
719,,6/11/2023,2 East Park,71.2,
720,,10/29/2023,35357 Northland Street,85.47,
721,,1/4/2023,95 Lakeland Avenue,92.53,
722,,8/15/2023,8598 Anzinger Hill,64.5,
723,,6/29/2023,88 Village Plaza,69.11,
724,,8/29/2023,7506 Mesta Parkway,50.7,
725,,3/30/2023,9 Southridge Avenue,73.81,
726,,5/10/2023,04 Magdeline Center,86.33,
727,,3/15/2023,171 Westerfield Road,1.77,
728,,3/24/2023,7133 Sauthoff Way,94.78,
729,,6/14/2023,90810 Thackeray Drive,76.57,
730,,11/17/2022,02212 Knutson Trail,46.37,
731,,4/13/2023,6319 Clove Terrace,35.77,
732,,2/22/2023,4824 Menomonie Street,12.68,
733,,5/4/2023,78473 Rutledge Point,98.64,
734,,12/13/2022,4200 Mendota Court,67.42,
735,,10/12/2023,15 Shasta Center,3.58,
736,,12/22/2022,24928 Pierstorff Drive,46.83,
737,,8/2/2023,5927 Dahle Street,48.07,
738,,10/25/2023,772 Kings Pass,1.15,
739,,2/23/2023,8 Killdeer Way,45.29,
740,,2/15/2023,47351 Bultman Terrace,9.08,
741,,2/20/2023,76 Upham Pass,4.31,
742,,7/7/2023,84 Hintze Pass,95.49,
743,,10/14/2023,749 Twin Pines Lane,28.3,
744,,9/10/2023,9877 Autumn Leaf Center,20.04,
745,,10/13/2023,321 Cottonwood Avenue,78.69,
746,,5/16/2023,7079 Novick Street,17.07,
747,,3/9/2023,50150 Longview Parkway,29.31,
748,,3/17/2023,476 Stephen Terrace,49.93,
749,,1/31/2023,076 Oneill Hill,68.73,
750,,5/17/2023,612 Eliot Circle,66.21,
751,,2/27/2023,444 Moulton Junction,88.0,
752,,12/13/2022,70816 Glendale Drive,57.32,
753,,6/9/2023,42547 Florence Avenue,48.53,
754,,4/27/2023,2 Brown Pass,13.88,
755,,1/31/2023,7 Veith Point,2.08,
756,,8/21/2023,5787 Elmside Plaza,17.02,
757,,6/9/2023,26 Monterey Hill,8.51,
758,,7/7/2023,29946 Golden Leaf Park,33.66,
759,,4/4/2023,0 Messerschmidt Parkway,54.66,
760,,5/25/2023,60 Park Meadow Way,3.9,
761,,2/25/2023,1384 Hanover Pass,69.33,
762,,10/8/2023,280 Algoma Hill,12.65,
763,,3/20/2023,4 Veith Way,2.13,
764,,6/9/2023,0783 Arizona Parkway,38.43,
765,,1/15/2023,3 Morningstar Point,37.47,
766,,8/29/2023,396 Swallow Terrace,48.33,
767,,6/17/2023,08 Steensland Way,47.03,
768,,11/4/2022,6381 Kingsford Trail,64.8,
769,,3/7/2023,6 Randy Point,87.84,
770,,10/7/2023,06704 Fremont Way,91.12,
771,,7/15/2023,675 Myrtle Drive,87.77,
772,,7/7/2023,82 Forest Dale Parkway,42.18,
773,,2/8/2023,707 Nobel Center,26.18,
774,,1/20/2023,166 Erie Road,95.1,
775,,1/8/2023,701 Waxwing Terrace,74.62,
776,,7/13/2023,001 Loomis Lane,56.83,
777,,12/4/2022,711 Ronald Regan Court,86.89,
778,,1/10/2023,05 Farwell Crossing,80.17,
779,,4/9/2023,498 Dovetail Center,81.49,
780,,7/31/2023,92605 Northwestern Point,5.59,
781,,12/28/2022,1 Kings Plaza,59.7,
782,,11/1/2022,3 Service Parkway,25.2,
783,,2/13/2023,64378 Surrey Crossing,26.42,
784,,3/22/2023,903 Annamark Lane,35.27,
785,,8/14/2023,49 Sunbrook Place,26.34,
786,,6/11/2023,68 Forest Court,19.83,
787,,4/9/2023,89900 1st Lane,66.24,
788,,3/17/2023,177 Trailsway Alley,13.07,
789,,6/12/2023,0 Crowley Way,23.02,
790,,6/29/2023,03973 Mifflin Junction,33.19,
791,,9/21/2023,7 Basil Center,76.23,
792,,4/2/2023,724 Longview Pass,85.53,
793,,7/31/2023,1868 Vahlen Lane,54.39,
794,,5/9/2023,24 Logan Point,27.65,
795,,7/20/2023,0 Manufacturers Street,30.42,
796,,11/29/2022,3083 Coolidge Road,35.67,
797,,5/8/2023,910 Hagan Terrace,41.49,
798,,10/29/2023,53 Merrick Pass,48.86,
799,,3/12/2023,97578 Everett Place,48.26,
800,,5/23/2023,99254 John Wall Way,28.44,
801,,12/30/2022,9 Kedzie Park,97.07,
802,,7/16/2023,70707 Hauk Parkway,82.6,
803,,2/15/2023,18 Rockefeller Center,88.14,
804,,7/24/2023,01 Dorton Hill,88.05,
805,,4/23/2023,2 Toban Place,38.16,
806,,5/9/2023,379 Raven Terrace,66.18,
807,,9/4/2023,336 Duke Crossing,98.13,
808,,8/19/2023,78367 Anthes Avenue,6.39,
809,,4/10/2023,5083 Randy Point,48.4,
810,,8/27/2023,089 Independence Junction,34.48,
811,,7/20/2023,53464 Stang Hill,66.5,
812,,6/15/2023,4476 Packers Avenue,70.12,
813,,8/6/2023,85632 Derek Trail,10.1,
814,,6/5/2023,749 Stoughton Way,30.76,
815,,6/13/2023,8203 Main Park,59.0,
816,,12/17/2022,897 Sauthoff Way,79.56,
817,,8/21/2023,1 Eggendart Plaza,98.58,
818,,5/22/2023,67369 Paget Parkway,11.36,
819,,8/7/2023,8598 Esker Court,83.51,
820,,2/20/2023,812 7th Crossing,75.86,
821,,11/22/2022,12523 Barnett Alley,65.27,
822,,1/11/2023,2527 Grasskamp Drive,59.76,
823,,8/12/2023,3237 Sutteridge Way,78.8,
824,,8/16/2023,38773 Farmco Place,39.86,
825,,8/27/2023,93455 Florence Street,78.79,
826,,7/24/2023,86 Spenser Hill,47.86,
827,,8/14/2023,2320 Aberg Plaza,5.55,
828,,1/7/2023,48740 Cardinal Avenue,84.73,
829,,9/22/2023,9 Merry Alley,59.09,
830,,8/27/2023,87 Golf Course Crossing,48.31,
831,,12/29/2022,63 Paget Pass,70.91,
832,,6/8/2023,2 Scofield Road,14.62,
833,,6/6/2023,844 Hollow Ridge Park,28.17,
834,,7/21/2023,8 Riverside Park,42.05,
835,,3/15/2023,8005 Elmside Plaza,93.82,
836,,7/5/2023,635 Marquette Plaza,34.01,
837,,3/26/2023,6070 Tennessee Plaza,83.26,
838,,12/15/2022,39206 Clemons Hill,30.58,
839,,3/24/2023,4 Ridgeview Court,96.13,
840,,6/22/2023,41865 Ramsey Hill,27.76,
841,,7/19/2023,5283 Havey Road,38.14,
842,,6/8/2023,119 Myrtle Lane,87.21,
843,,7/5/2023,12332 Saint Paul Way,70.96,
844,,1/24/2023,5 Commercial Trail,11.88,
845,,4/3/2023,6525 Oakridge Center,71.06,
846,,2/10/2023,83606 Spohn Terrace,64.82,
847,,10/17/2023,3550 Fallview Center,65.49,
848,,6/10/2023,6 Waywood Court,46.6,
849,,11/29/2022,445 Johnson Crossing,71.04,
850,,4/9/2023,11670 Commercial Hill,94.76,
851,,5/29/2023,5 Thompson Center,17.76,
852,,9/25/2023,374 Westend Point,53.81,
853,,10/26/2023,85187 Heath Plaza,35.25,
854,,6/7/2023,58 Mitchell Lane,24.61,
855,,7/7/2023,62 Sugar Avenue,98.36,
856,,6/20/2023,0522 Norway Maple Center,89.18,
857,,12/26/2022,72 Marquette Plaza,16.3,
858,,6/18/2023,84 Northview Avenue,42.06,
859,,3/15/2023,6423 Homewood Park,12.32,
860,,9/4/2023,2 Farragut Pass,27.82,
861,,10/29/2023,3196 Fairview Street,76.58,
862,,7/11/2023,043 Fieldstone Park,41.45,
863,,12/16/2022,270 Washington Pass,66.36,
864,,12/10/2022,0798 Nevada Avenue,58.54,
865,,5/30/2023,70 Carberry Drive,90.13,
866,,11/18/2022,9877 Forest Dale Junction,5.41,
867,,5/30/2023,169 Old Gate Lane,88.71,
868,,3/23/2023,86 Milwaukee Court,69.52,
869,,11/15/2022,9424 Jay Alley,48.95,
870,,7/7/2023,74 Bartelt Junction,81.78,
871,,2/19/2023,20 Union Pass,18.31,
872,,9/2/2023,0 Scoville Lane,65.4,
873,,1/11/2023,48942 Lotheville Trail,7.91,
874,,8/12/2023,333 Warner Lane,4.97,
875,,8/9/2023,9015 Acker Avenue,93.93,
876,,11/26/2022,2 Glendale Point,46.85,
877,,9/3/2023,399 Troy Circle,71.95,
878,,8/11/2023,6008 Monica Way,6.5,
879,,9/25/2023,2 Ridge Oak Parkway,80.41,
880,,12/21/2022,0 Arapahoe Circle,28.08,
881,,6/30/2023,167 Brown Road,14.03,
882,,9/5/2023,63 Esch Junction,34.72,
883,,11/9/2022,11558 Judy Point,59.99,
884,,11/15/2022,7 Cherokee Lane,12.15,
885,,6/17/2023,0264 Ilene Center,57.32,
886,,3/4/2023,74 Fair Oaks Alley,9.44,
887,,4/9/2023,7 Nova Center,63.4,
888,,2/6/2023,5331 Graceland Street,44.96,
889,,8/20/2023,855 Bobwhite Point,49.34,
890,,8/22/2023,96590 Commercial Place,89.69,
891,,3/18/2023,766 Dwight Point,51.18,
892,,7/21/2023,2529 Browning Avenue,55.55,
893,,4/18/2023,8 Heath Trail,15.04,
894,,7/20/2023,611 Atwood Parkway,18.39,
895,,11/29/2022,76776 Lyons Pass,50.63,
896,,8/8/2023,687 Clarendon Crossing,8.92,
897,,1/22/2023,27479 Leroy Way,1.2,
898,,11/10/2022,79 American Street,82.89,
899,,3/3/2023,53 Fulton Trail,30.47,
900,,5/20/2023,459 Charing Cross Street,72.74,
901,,5/20/2023,325 Valley Edge Crossing,57.94,
902,,12/5/2022,24 Fulton Crossing,72.89,
903,,10/9/2023,55251 Arrowood Pass,42.68,
904,,11/18/2022,027 Glendale Crossing,98.93,
905,,1/29/2023,866 Fair Oaks Center,83.11,
906,,5/30/2023,3 Daystar Crossing,7.92,
907,,3/21/2023,5 Farwell Street,1.34,
908,,2/21/2023,977 Stoughton Court,30.51,
909,,12/19/2022,31 Autumn Leaf Court,8.63,
910,,7/27/2023,83375 Express Drive,95.11,
911,,10/8/2023,17 Vahlen Junction,95.5,
912,,10/27/2023,33 Buena Vista Trail,43.31,
913,,6/7/2023,20497 Michigan Trail,73.46,
914,,5/25/2023,50222 Comanche Plaza,53.15,
915,,3/19/2023,16328 Cascade Trail,71.76,
916,,6/22/2023,56818 Dryden Place,48.84,
917,,6/29/2023,3731 Declaration Point,70.73,
918,,1/31/2023,938 Harbort Pass,93.75,
919,,1/11/2023,417 Calypso Street,10.03,
920,,4/1/2023,6 Daystar Drive,26.65,
921,,12/19/2022,9612 Helena Crossing,66.33,
922,,1/6/2023,986 Monument Lane,75.88,
923,,9/3/2023,333 Fair Oaks Avenue,12.46,
924,,1/12/2023,12170 Cardinal Circle,73.05,
925,,5/1/2023,8 Bluejay Lane,98.31,
926,,10/16/2023,557 Jenifer Way,77.79,
927,,12/20/2022,7 Crescent Oaks Parkway,51.49,
928,,10/6/2023,21979 Ilene Way,70.65,
929,,3/17/2023,02 Forest Run Street,87.4,
930,,5/29/2023,096 Esch Center,27.71,
931,,8/8/2023,9755 Raven Park,20.76,
932,,7/13/2023,6114 Springs Junction,24.15,
933,,6/24/2023,751 Buhler Center,40.31,
934,,9/22/2023,3897 Hazelcrest Alley,2.24,
935,,5/19/2023,40 Hoffman Court,61.13,
936,,9/7/2023,05463 Spaight Street,23.77,
937,,10/11/2023,41946 Talmadge Center,87.0,
938,,9/16/2023,753 Loftsgordon Court,39.77,
939,,12/26/2022,03 Forest Dale Trail,22.92,
940,,2/13/2023,05881 Kings Place,67.87,
941,,5/5/2023,4 Bowman Street,30.46,
942,,10/7/2023,973 Huxley Park,40.96,
943,,11/12/2022,111 Almo Center,51.89,
944,,3/7/2023,645 Goodland Place,4.65,
945,,12/27/2022,9 Schiller Place,88.16,
946,,5/8/2023,92861 Prentice Street,20.89,
947,,7/14/2023,9 Green Ridge Pass,39.97,
948,,7/20/2023,9 Golden Leaf Point,36.56,
949,,5/31/2023,1 Killdeer Park,61.29,
950,,7/5/2023,850 Green Ridge Circle,98.49,
951,,11/24/2022,851 Kenwood Junction,4.88,
952,,12/28/2022,21622 Waywood Junction,13.3,
953,,8/21/2023,6716 Rusk Lane,4.47,
954,,8/5/2023,4873 Ridge Oak Place,26.46,
955,,1/20/2023,715 Moose Street,20.44,
956,,4/9/2023,877 Quincy Avenue,41.57,
957,,10/6/2023,6 Sommers Place,56.0,
958,,1/6/2023,29790 Dahle Hill,39.11,
959,,4/4/2023,9 South Avenue,25.54,
960,,2/4/2023,21 Lerdahl Terrace,46.26,
961,,7/20/2023,81830 Thompson Way,88.5,
962,,5/10/2023,37033 American Avenue,18.38,
963,,7/15/2023,43535 Golf View Crossing,80.58,
964,,3/17/2023,17 Walton Park,40.61,
965,,11/13/2022,7351 Crowley Hill,44.22,
966,,1/16/2023,1 Pearson Place,18.56,
967,,8/16/2023,51 Mcguire Crossing,67.66,
968,,11/13/2022,54 Oakridge Trail,49.16,
969,,5/26/2023,4 Dunning Crossing,50.51,
970,,10/11/2023,9 Westend Way,99.09,
971,,4/3/2023,2101 Jana Avenue,73.59,
972,,5/18/2023,73140 Hanson Way,44.75,
973,,5/18/2023,0 Clarendon Court,41.9,
974,,8/23/2023,93 Prairie Rose Drive,55.57,
975,,8/12/2023,8 Tennyson Crossing,71.81,
976,,4/25/2023,168 Hoepker Lane,76.79,
977,,11/5/2022,51899 Prairieview Circle,65.78,
978,,1/8/2023,92 Knutson Place,79.01,
979,,5/7/2023,2 Prairie Rose Circle,52.95,
980,,6/20/2023,3789 Village Green Plaza,56.11,
981,,4/6/2023,3 Stang Road,93.54,
982,,11/16/2022,0631 Shoshone Alley,23.22,
983,,8/13/2023,8 Cascade Trail,70.57,
984,,12/22/2022,6 Pleasure Drive,32.19,
985,,4/5/2023,9 Claremont Plaza,95.41,
986,,2/18/2023,9843 Browning Place,85.61,
987,,12/7/2022,297 Mayer Parkway,62.6,
988,,11/12/2022,78 Columbus Court,66.96,
989,,1/12/2023,58 Westport Alley,61.19,
990,,6/2/2023,84 Walton Point,84.43,
991,,5/18/2023,042 Anthes Way,15.47,
992,,12/31/2022,44426 Straubel Terrace,10.55,
993,,9/12/2023,37 Derek Center,71.1,
994,,8/7/2023,6909 Debs Road,75.55,
995,,7/13/2023,6612 Elka Street,50.0,
996,,8/20/2023,471 Bartillon Drive,98.82,
997,,5/5/2023,26 Bay Junction,49.06,
998,,9/30/2023,4877 Golf Avenue,3.9,
999,,4/25/2023,62 Brickson Park Terrace,46.63,
1000,,11/25/2022,9356 Bellgrove Point,72.78,
