ReviewID,Rating,Comment,UserID,ProductID
R-001,5,"Excellent product, highly recommended!",User001,P-001
R-002,4.5,"I love it, great value for the price.",User002,P-002
R-003,4.8,"It exceeded my expectations, fantastic.",User003,P-003
R-004,4,Very satisfied with my purchase.,User004,P-004
R-005,3.5,Good quality and fast shipping.,User005,P-005
R-006,4.2,The best product I've ever bought.,User006,P-006
R-007,3.8,A must-have for anyone.,User007,P-007
R-008,4.7,I can't live without it.,User008,P-008
R-009,4.1,Perfect for my needs.,User009,P-009
R-010,4.9,Impressed by the performance.,User010,P-010
R-011,4.3,This is a game-changer.,User011,P-011
R-012,4.6,Exactly what I was looking for.,User012,P-012
R-013,3.9,It's so versatile and user-friendly.,User013,P-013
R-014,4.4,I'm thrilled with this purchase.,User014,P-014
R-015,4.7,"Great product, well worth the money.",User015,P-015
R-016,3.6,Highly reliable and efficient.,User016,P-016
R-017,4.2,I'm a happy customer.,User017,P-017
R-018,4.5,"No complaints, it's amazing.",User018,P-018
R-019,4,So happy I bought this.,User019,P-019
R-020,4.8,Top-notch quality and design.,User020,P-020
R-021,4.3,"A+ product, will buy again.",User021,P-021
R-022,4.1,My friends envy me for having this.,User022,P-022
R-023,3.7,Life-changing product.,User023,P-023
R-024,4.6,I'm in love with it.,User024,P-024
R-025,3.9,Worth every penny.,User025,P-025
R-026,4.4,Quality that stands out.,User026,P-026
R-027,4.7,I use it every day.,User027,P-027
R-028,4.2,It's a real gem.,User028,P-028
R-029,4.5,So stylish and practical.,User029,P-029
R-030,4.8,I recommend it to everyone.,User030,P-030
R-031,4.1,Couldn't be happier with it.,User031,P-031
R-032,4.6,It's a fantastic addition to my life.,User032,P-032
R-033,3.8,Impressive features and performance.,User033,P-033
R-034,4.3,Highly durable and dependable.,User034,P-034
R-035,4.9,I don't know how I lived without it.,User035,P-035
R-036,4,My family loves it too.,User036,P-036
R-037,4.5,The best decision I've made.,User037,P-037
R-038,4.2,So easy to use and efficient.,User038,P-038
R-039,4.6,It's a top-tier product.,User039,P-039
R-040,3.7,I can't stop raving about it.,User040,P-040
R-041,4.1,It's the perfect fit for my needs.,User041,P-041
R-042,4.4,A real game-changer.,User042,P-042
R-043,4.8,It's like a dream come true.,User043,P-043
R-044,4.3,My life is so much easier with this.,User044,P-044
R-045,4.9,Very user-friendly and intuitive.,User045,P-045
R-046,4.5,I've become more productive with it.,User046,P-046
R-047,4.7,This product is a game-changer.,User047,P-047
R-048,4.2,I'm impressed by its capabilities.,User048,P-048
R-049,4.6,I can't get enough of it.,User049,P-049
R-050,3.8,Such a valuable addition to my life.,User050,P-050
R-051,4.4,My friends are jealous of it.,User051,P-051
R-052,4,It's a real lifesaver.,User052,P-052
R-053,4.6,Worth every dollar.,User053,P-053
R-054,4.3,I'm a fan for life.,User054,P-054
R-055,4.7,Top-notch quality and performance.,User055,P-055
R-056,4.1,I'm blown away by it.,User056,P-056
R-057,4.5,It's a must-have for everyone.,User057,P-057
R-058,3.7,I'm more organized and efficient.,User058,P-058
R-059,4.8,I can't imagine life without it.,User059,P-059
R-060,4.2,So glad I found this product.,User060,P-060
R-061,4.9,It makes my life so much better.,User061,P-061
R-062,4.4,It's a winner in my book.,User062,P-062
R-063,4.1,I'm a loyal customer.,User063,P-063
R-064,4.6,My expectations were exceeded.,User064,P-064
R-065,3.9,I'm a satisfied customer.,User065,P-065
R-066,4.5,I use it every day without fail.,User066,P-066
R-067,4,I can't find any flaws.,User067,P-067
R-068,4.7,Highly recommended to all.,User068,P-068
R-069,4.3,I'm in awe of this product.,User069,P-069
R-070,4.8,It's the best investment I've made.,User070,P-070
R-071,4.2,So reliable and consistent.,User071,P-071
R-072,4.1,I'm a happy camper.,User072,P-072
R-073,4.9,It's perfect for my needs.,User073,P-073
R-074,4.5,I can't find anything wrong with it.,User074,P-074
R-075,3.7,It's exceeded all my expectations.,User075,P-075
R-076,4.4,I'm very impressed.,User076,P-076
R-077,4,A great addition to my life.,User077,P-077
R-078,4.6,I use it constantly.,User078,P-078
R-079,4.3,The quality is top-notch.,User079,P-079
R-080,4.7,I've recommended it to my friends.,User080,P-080
R-081,3.8,It's made a significant difference.,User081,P-081
R-082,4.2,I can't believe I didn't buy it sooner.,User082,P-082
R-083,4.9,It's my go-to product.,User083,P-083
R-084,4.5,I'm extremely happy with it.,User084,P-084
R-085,4.1,It's an outstanding product.,User085,P-085
R-086,4.8,I can't stop talking about it.,User086,P-086
R-087,4.4,It's worth every cent.,User087,P-087
R-088,3.9,I'm a devoted fan.,User088,P-088
R-089,4.6,I've never been this satisfied.,User089,P-089
R-090,4,I'm so glad I chose this.,User090,P-090
R-091,4.5,It's irreplaceable in my life.,User091,P-091
R-092,4.3,A true gem among products.,User092,P-092
R-093,4.7,It's become an essential part of my life.,User093,P-093
R-094,4.2,I can't imagine life without it.,User094,P-094
R-095,4.1,My friends are impressed with it.,User095,P-095
R-096,4.9,A solid investment.,User096,P-096
R-097,4.4,I'm very pleased with it.,User097,P-097
R-098,3.8,It's changed my life for the better.,User098,P-098
R-099,4.6,I'm in love with this product.,User099,P-099
R-100,4.2,I'm a devoted fan.,User100,P-100
