BusinessID,BusinessName,OwnerName,Address,ContactNumber
1,Divape,Kahlil Monelle,489 Heath Pass,221-764-4274
2,Tavu,Serge Dudbridge,06848 Butternut Point,705-341-2494
3,Edgeblab,Thoma Van Zon,358 Calypso Avenue,435-570-8536
4,Oyondu,Anastasia Tweedle,8 Marcy Plaza,283-575-1669
5,Dabshots,Reginald Naisey,838 Donald Place,409-460-5757
6,Eadel,Olly Redit,2 Superior Circle,566-280-2136
7,Shuffledrive,Lula Leek,0 Pleasure Place,368-722-8012
8,Thoughtsphere,Nikolaos Allanby,847 Bunker Hill Point,514-304-4025
9,Wikido,Kermie Chipman,45199 Muir Trail,108-971-0761
10,Vidoo,Aryn Grzegorczyk,92 Hanson Parkway,737-299-4408
11,Skiba,Free Bransden,86 Cody Place,744-129-9743
12,Yakitri,Jobi Nornable,65 David Point,966-913-3508
13,Latz,Fleming Triplett,033 Weeping Birch Alley,744-112-9137
14,Gigabox,Josy Garbett,56498 Oriole Drive,777-161-7023
15,Gevee,Weber Hryskiewicz,18 Hayes Terrace,890-469-2399
16,Skipfire,Mischa Fridaye,66430 Anniversary Road,317-823-4524
17,Zoombeat,Josh Grey,825 Carberry Alley,429-386-6072
18,Linklinks,Crin Wright,91 Kings Center,154-826-7417
19,Thoughtstorm,Sacha Bille,11070 Caliangt Hill,222-120-8814
20,Agivu,Felicity Inchboard,044 Pepper Wood Lane,906-858-4082
21,Jaloo,Aksel McCoid,83 Mandrake Park,115-326-2394
22,Eadel,Imogen Troucher,1693 Shopko Place,769-111-9215
23,Shufflebeat,Serene Casajuana,208 Cardinal Plaza,716-850-9439
24,Linktype,Vonnie Woolager,3 Oak Point,481-352-5389
25,Gigabox,Karolina Huckle,48 Grayhawk Avenue,486-296-8087
26,Devpoint,Chickie Capewell,682 Gateway Court,186-374-5227
27,Meedoo,Lurleen Davys,17601 Darwin Crossing,830-553-7454
28,Gevee,Di Orrill,3365 Moose Street,235-139-4194
29,Mynte,Egor Josskowitz,30489 Fairfield Pass,748-214-0418
30,Aimbu,Kikelia Rowbottom,973 Banding Court,655-215-8375
31,Skippad,Darda Adair,5324 Colorado Pass,103-101-6352
32,Trilia,Yardley Gronowe,894 Kenwood Plaza,662-685-3040
33,Trudoo,Jacobo McQuarter,69840 Raven Place,480-509-4560
34,Wikido,Ashia Mallinar,1 Parkside Pass,598-875-1094
35,Linktype,Freddy McInally,257 Mandrake Pass,220-426-4635
36,Oyoloo,Ainsley Sauven,4191 Green Ridge Junction,743-633-3110
37,Flipbug,Donnajean Tibbs,3 Melvin Junction,669-129-8307
38,Cogilith,Monty Whapples,6 Florence Circle,309-456-2560
39,Abatz,Rogers Slack,26 Pepper Wood Trail,801-456-1041
40,Devshare,Sim Frape,62 Brickson Park Court,230-242-0193
41,Brainlounge,Emlen Izard,52978 Park Meadow Parkway,893-422-0459
42,Agivu,Tilly Sandey,7159 Donald Plaza,602-311-9806
43,Abata,Rowen Attack,806 Alpine Road,267-594-4127
44,Trupe,Harley Fishpool,0330 Nova Road,806-227-9558
45,Mycat,Helenka Barrim,286 Mayfield Avenue,169-615-7063
46,Divape,Babbette Swanne,484 Fair Oaks Crossing,985-308-8087
47,Myworks,Vinny Dring,5172 Waxwing Parkway,437-697-6523
48,Cogidoo,Benton Giacovazzo,160 Schlimgen Lane,899-720-7810
49,Bubbletube,Scotti Ellaway,63 Holmberg Avenue,767-621-0909
50,Jaxbean,Silas Truce,084 Darwin Trail,988-894-9524
51,Youtags,Donnamarie Redman,20 Annamark Plaza,992-782-6302
52,Gabcube,Alikee Chaperlin,0936 Valley Edge Avenue,182-283-4918
53,Linklinks,Dyan McHale,401 Northwestern Circle,158-684-1214
54,Jaxbean,Pepillo Wignall,942 Hoepker Junction,834-320-3574
55,Topicshots,Bendick Cund,68 Armistice Trail,986-504-6645
56,Bubblemix,Rabbi Brazear,2 Gina Point,567-759-6034
57,Realbridge,Franciska Brettle,87 Donald Road,857-218-9928
58,Skaboo,Cayla Dyhouse,52 Memorial Junction,248-429-9223
59,Fadeo,Gunter Domini,68 Transport Center,749-663-0217
60,Leexo,Louie Perkis,1024 Goodland Terrace,696-228-3799
61,Wordify,Godwin Darrow,323 Veith Road,847-776-0577
62,Skibox,Ky Klaves,64 Park Meadow Avenue,489-521-6130
63,Brightdog,Sidnee Filyukov,678 Sheridan Circle,873-934-0449
64,LiveZ,Ford Wemes,2 Hagan Road,163-751-3124
65,Npath,Sharity Colrein,3631 Fordem Center,528-441-6821
66,Quinu,Miltie Genner,6044 Scofield Road,594-261-7009
67,Quatz,Levin Killingbeck,99 Claremont Parkway,716-797-9743
68,Lazz,Janice Sinncock,041 Manitowish Street,222-558-2761
69,Zoomdog,Patti Rankin,78 Maryland Court,142-899-3730
70,Npath,Dallon Hounsom,443 Steensland Place,143-391-9945
71,Pixonyx,Wald Creed,395 Hansons Center,345-968-9608
72,Edgeblab,Clayson Itzkov,71034 Vidon Parkway,212-544-9325
73,Oyope,Chrystal Mossman,743 Mccormick Junction,836-883-9260
74,Photojam,Katharyn Zanitti,88 Continental Court,729-288-7664
75,Podcat,Oneida Panton,3526 Lindbergh Street,167-640-3910
76,Meeveo,Cornelle Bozworth,27 Hansons Hill,473-773-1002
77,Jaxworks,Vassily Rabbe,951 8th Avenue,190-383-6410
78,Dynava,Bathsheba Wenban,8 Bonner Court,822-983-3383
79,Babblestorm,Nestor Ballingal,4131 Mendota Point,931-979-1229
80,Meevee,Helenka Standon,3 Texas Pass,355-236-3735
81,Devpoint,Bambie O'Giany,63602 Oriole Alley,582-451-4968
82,Ainyx,Mame Carslaw,58366 Lyons Road,961-484-4913
83,Jayo,Neill Findlay,5806 Manitowish Hill,792-993-0422
84,Brainbox,Larissa Sevier,9 Judy Pass,627-564-5829
85,Zoombeat,Hayley McGurn,6 Vera Junction,179-298-8556
86,Tanoodle,Kordula Joesbury,16240 Del Sol Drive,278-122-1441
87,Youopia,Morgan Huguet,9 Kropf Lane,160-562-2063
88,Avamm,Gannie Kabisch,3 Stone Corner Court,536-290-6686
89,Twinte,Dena Semor,52 Westerfield Hill,809-585-9927
90,Blognation,Blanch Hallas,5 Rigney Avenue,687-208-1961
91,Brightbean,Alejandra Starbuck,3 Ludington Street,445-739-4028
92,Buzzster,Dot Dominiak,9875 Spenser Parkway,574-293-6375
93,Cogidoo,Druci Grotty,2580 Bunker Hill Point,384-316-2011
94,Lazzy,Nelle Lamanby,8723 Scott Crossing,860-375-6978
95,Yadel,Shayne Aldwich,774 Ridgeway Crossing,490-480-7780
96,Topicware,Lorette Twede,1170 Lakeland Park,891-446-1447
97,Brainverse,Alwin Bygrove,9672 Mosinee Avenue,500-459-5219
98,Quimm,Analiese Larkby,57 Thierer Center,255-874-4259
99,Feedspan,Fina Brandoni,07594 Ridge Oak Center,709-240-9794
100,Mycat,Hal Kellie,294 Debra Court,624-703-4084
101,Avaveo,Ulick Hum,0 Golf Road,477-778-8410
102,Quaxo,Worthington Heugel,1244 Monica Drive,422-488-0529
103,Zoonoodle,Kinnie Guy,50 Russell Crossing,285-472-2395
104,Edgetag,Ivie Hitscher,881 Melody Lane,914-433-4266
105,Photobean,Inga Trundler,651 Elmside Hill,711-923-3174
106,Quatz,Neall Blount,3 Moland Park,203-870-9528
107,Yata,Anette Arrighetti,499 Old Shore Center,370-930-1720
108,Skimia,Perrine Burle,6996 Lunder Terrace,891-248-6945
109,Buzzshare,Nicole Raggatt,91 Lien Junction,373-178-4889
110,Skyble,Nappie Abrahart,9209 Rockefeller Plaza,208-511-2202
111,Oyoba,Kathryn Canland,31643 Sunfield Circle,895-426-9616
112,Trudeo,Seamus McCowen,1117 Fairview Lane,359-760-3316
113,Zoonoodle,Carleton Conre,01 Moose Road,316-206-7738
114,Viva,Felecia Guerola,379 Kipling Place,878-732-8644
115,Talane,Fredelia Shoulder,4 Dawn Parkway,437-161-4744
116,Avaveo,Mareah Mattisson,930 Shasta Plaza,901-162-7308
117,Aivee,Yalonda Capeling,89 Dexter Way,946-848-5689
118,Zoovu,Valerye Koopman,1923 Steensland Place,156-281-9068
119,Photospace,Angy Le Strange,6 Elgar Parkway,655-267-1590
120,Jazzy,Pammie Harroll,77956 Forest Alley,820-643-8988
121,Agivu,Jesse Pottell,72 La Follette Trail,710-414-6140
122,Topicstorm,Hershel Waleworke,9339 Lukken Avenue,816-272-0501
123,Zoombox,Felicia Davitti,97 Larry Way,976-868-9619
124,InnoZ,Max Elstow,28668 Mccormick Road,271-245-2799
125,Izio,Jody Pinks,5307 Shopko Hill,187-156-4300
126,Voolith,Lynett Llywarch,029 Loomis Circle,900-306-7210
127,Jaxworks,Otto Slee,625 Prentice Parkway,204-857-6492
128,Twiyo,Dennison Dudlestone,5 Hooker Terrace,741-822-7747
129,Quimm,Banky Gregoli,7625 Oak Street,282-830-8419
130,Oozz,Fabio Witheridge,54 Del Mar Road,139-668-3108
131,Vipe,Sydney Peggs,2 Lake View Trail,376-461-7799
132,Feedfire,Gunner Swansborough,0193 Northridge Street,555-365-6181
133,Jabberbean,Deane Widdop,1 New Castle Trail,141-315-1475
134,Aivee,Sandi Sweedland,8857 Straubel Avenue,267-780-5116
135,Twitterlist,Sylvester Capelow,7 Lerdahl Circle,534-808-2573
136,Realbridge,Barnie Margrett,93 Fuller Hill,196-717-2945
137,Centidel,Rocky Barkas,6132 David Pass,293-211-3193
138,Brainverse,Jacquelyn Engley,60 Village Trail,934-278-9624
139,Topiczoom,Joanna De Malchar,25 Chinook Road,488-577-5621
140,Trudeo,Morten Drance,0 Butternut Place,759-377-7544
141,Skimia,Jorge Topling,1058 Loeprich Park,521-663-9108
142,Riffpedia,Heywood Sacks,8 8th Center,280-105-9282
143,Quimba,Wally de Werk,402 Hansons Center,780-691-8767
144,Janyx,Farand Venning,996 Blue Bill Park Center,328-232-5830
145,Edgeblab,Egan Twelvetree,6502 Waubesa Road,472-583-0807
146,Realcube,Tricia Kirkham,5178 Oriole Court,729-595-6420
147,Zoozzy,Evelina Ouldcott,338 Paget Street,470-329-8449
148,Wordtune,Anthony Stones,920 Dunning Point,934-591-8877
149,Quamba,Jerome Stitle,0758 Debs Parkway,107-454-0018
150,Mymm,Danice McPhelimey,14608 Carpenter Crossing,260-752-9792
151,Riffpath,Bertina O' Mahony,307 Lawn Road,827-364-9276
152,Quinu,Aldo Tremblett,9087 Clemons Parkway,738-351-9101
153,Twiyo,Bo McCarle,23 Packers Road,367-557-6124
154,Kazu,Gretna Lamba,0584 American Ash Court,124-389-9980
155,Blogspan,Marysa Cosley,20 Eggendart Way,591-889-1179
156,Dabshots,Cletis Fosse,7917 Rockefeller Terrace,973-297-4425
157,Izio,Charin Chatelain,49074 Texas Junction,276-837-3553
158,Fliptune,Tamarah Blonfield,4603 Clove Park,430-437-8403
159,Bluezoom,Flem Aulsford,8391 Little Fleur Center,170-537-8300
160,Dabshots,Lorain Gossington,29 Roxbury Plaza,191-509-9635
161,Yata,Daphne Wilcott,5750 Marquette Street,119-299-0509
162,Shufflester,Vachel Toping,3 Spaight Street,636-155-9402
163,Camido,Antonio Dealy,6178 Karstens Lane,404-218-0165
164,Linkbuzz,Bobina Silley,1 Stang Crossing,640-580-4055
165,Demivee,Ortensia Entwhistle,804 Pennsylvania Junction,781-679-5620
166,Pixope,Giacopo Poundsford,6369 Knutson Court,172-765-7809
167,Wordware,Maxine Aldie,8 Corscot Circle,723-866-9127
168,Skidoo,Bil Ewins,75993 Mallory Crossing,535-576-2405
169,Shufflebeat,Sumner Rumble,2261 2nd Place,546-440-0399
170,Skajo,Brand Skellern,96628 Armistice Junction,197-818-7928
171,Voomm,Arleta Tooze,0522 Graceland Point,705-690-9010
172,Photospace,Ida Gogin,1 Rutledge Road,616-303-2443
173,Quinu,Rubi Anfusso,88 Anthes Park,821-599-6411
174,Mydo,Barty Pirie,53341 Warrior Alley,327-217-3476
175,Feedfish,Christophorus Elderfield,36 Union Point,804-787-6534
176,Geba,Killian Schreurs,017 Nevada Junction,931-134-3937
177,Skivee,Margie Ricket,052 Ohio Circle,768-359-2213
178,Realblab,Engracia Capini,282 Lakeland Circle,474-339-9483
179,Fivechat,Laural Sollitt,11292 Starling Drive,590-979-9590
180,Linkbuzz,Thomasa Korneichik,27 Jana Pass,822-221-9239
181,Meejo,Elane Neeves,15875 Talmadge Junction,159-488-6499
182,Dabjam,Ricky Brixham,997 Meadow Valley Trail,360-842-9007
183,Muxo,Jamill Brettelle,19 Lotheville Street,138-642-4132
184,Yamia,Aldin Birks,88 Pennsylvania Alley,451-326-9885
185,Livefish,Laverna Durtnal,2 Bay Hill,304-313-1564
186,Oozz,Melinde Schutter,2620 Boyd Terrace,256-903-3961
187,Skippad,Kaylyn Woolley,06743 Autumn Leaf Parkway,491-743-4175
188,Ainyx,Edita Ogley,13164 Lighthouse Bay Drive,546-367-7436
189,Pixonyx,Darryl Handrik,1 1st Hill,584-830-0349
190,Realmix,Rockey Le febre,4724 Carpenter Drive,235-895-5602
191,Dynava,Georgena Francom,30050 Dunning Avenue,964-238-9140
192,Gabtune,Darrin Lamas,95018 North Place,594-596-1592
193,Camimbo,Bogey Siddaley,29 Mccormick Crossing,417-231-9682
194,Brightdog,Stern Zanussii,8486 Sycamore Center,356-843-5935
195,Dabtype,Enrique Chappell,58 Magdeline Parkway,186-482-0642
196,Skyble,Elle Kleewein,6664 Novick Drive,456-409-8477
197,Devify,Jennette Mille,0 Banding Court,276-552-8693
198,Zoonder,Brigit Huie,1858 Montana Pass,817-734-8875
199,Kazu,Ainslee Crathorne,139 Anniversary Terrace,409-827-3897
200,Fadeo,Hale Robjents,15 Ilene Crossing,953-682-1071
201,Edgetag,Birch Egdale,7 Hermina Pass,374-994-1399
202,Bluejam,Farr Castrillo,540 Hansons Avenue,951-556-2943
203,Feedbug,Gloriana Kingdom,77 Northport Parkway,576-378-6391
204,Kanoodle,Lauritz Matisoff,37821 Bultman Plaza,188-443-1047
205,Chatterbridge,Jane Defrain,96 Loomis Drive,295-781-3471
206,Jayo,Colby Walsh,46 Fremont Street,231-156-2565
207,Livefish,Janetta Bence,3 Quincy Park,424-209-6755
208,Abatz,Abbey Kenyam,17 Cottonwood Junction,212-218-6899
209,Vinder,Cris Robley,32 Morrow Crossing,624-456-8868
210,Mudo,Dorrie Matthew,073 Hovde Road,685-100-8608
211,Jaloo,Sheilakathryn Avramovic,08598 Huxley Center,144-916-1763
212,Bubblemix,Devlin McCormack,7007 Morrow Parkway,184-974-4482
213,Thoughtstorm,Kirk Varney,27 Farmco Street,407-739-2920
214,Eare,Viva Sweatland,90 Spohn Road,224-206-3741
215,Oyonder,Guillema Mobbs,59169 Manley Hill,487-642-7563
216,Oyoyo,Merrily Tabard,630 Anniversary Point,467-452-6046
217,Aivee,Ingram Matushenko,8 Blaine Terrace,927-134-3305
218,Fliptune,Cristin Brunet,2 Judy Way,369-853-7303
219,Youtags,Gratia Kolinsky,2223 Graceland Plaza,871-303-9088
220,Abatz,Maurits Capstick,6952 Caliangt Center,413-143-3360
221,Yakitri,Estell Greensitt,892 Sommers Hill,742-255-1503
222,Kwimbee,Olenka McFaul,72 3rd Hill,625-983-7113
223,Browsebug,Egbert Prestige,4406 Starling Crossing,268-148-3664
224,Feednation,Tad Kilmister,373 Center Center,330-104-2233
225,Edgeify,Simonette Colvill,0448 Rutledge Avenue,985-840-3921
226,Feedmix,Gram Wrotham,8 Tennyson Street,290-599-5110
227,Dablist,Leontine Borrow,98829 Schiller Court,986-235-1262
228,Oodoo,Joleen Burdfield,2 Cordelia Parkway,745-297-1886
229,Devbug,Simonne Denver,57 Oriole Junction,527-709-0210
230,Kaymbo,Melamie Aarons,69 Eastwood Avenue,729-601-3800
231,Camido,Elden Bream,37785 Hanson Terrace,798-780-8062
232,Agimba,Karly Hudel,7962 Bobwhite Court,532-750-7378
233,Abata,Tilda Goggins,3 Doe Crossing Drive,482-354-1059
234,Jabbersphere,Lowe Pilmoor,48 Tony Trail,921-334-8072
235,Einti,Erhard Wein,8 Mitchell Way,495-735-3821
236,Youbridge,Blondy Craighead,274 Messerschmidt Road,638-772-5275
237,Innotype,Mateo Nannetti,26 Farragut Trail,506-853-1582
238,Wordtune,Rockwell Springthorp,81 Declaration Center,298-433-0626
239,Skidoo,Kalie Harroll,65 Carpenter Junction,671-675-0750
240,Riffwire,Orazio Trelease,267 Melody Court,185-257-5970
241,Twitterbridge,Kellsie Lovejoy,02 Anzinger Street,742-542-8979
242,Jaxspan,Thorny Tejada,74 Bartillon Center,375-464-5426
243,Browsebug,Calli Rigmond,20728 Troy Hill,806-152-7005
244,Cogidoo,Bernarr Atton,36347 Vahlen Avenue,273-881-6409
245,Quaxo,Helen-elizabeth Brangan,460 American Pass,349-261-4298
246,Brainbox,Olly Tommaseo,01 Lillian Junction,386-280-3878
247,Zoomcast,Amelita Dowse,2940 Laurel Place,814-320-0299
248,Skyndu,Tish Domegan,586 Stang Park,111-520-9553
249,Tagpad,Jimmy Issett,2 Tony Terrace,398-516-3264
250,Dabfeed,Guntar Robottham,1 Grasskamp Court,528-492-6257
251,Realblab,Paule Lanchbery,396 Riverside Plaza,867-427-9319
252,Zooveo,Jade Philippet,731 Delladonna Court,954-401-3688
253,Eazzy,Danny Strangeway,709 Almo Drive,600-899-4796
254,Izio,Barbabra Swancock,5 Thompson Place,937-264-6591
255,Dabtype,Jordon Hawkswood,7495 Bultman Pass,695-789-3426
256,Edgeblab,Emogene Bugden,7 Dayton Parkway,608-739-9599
257,Tagpad,Kelcie Moylan,1315 Lotheville Center,645-214-7237
258,Zoombox,Kalil Wilsey,2230 Mifflin Park,382-978-2341
259,Edgeify,Zolly Fitzjohn,5 Springview Plaza,712-762-3224
260,Centimia,Rees Binns,3 Dexter Terrace,591-621-9636
261,Browsebug,Justis Center,87 Kropf Park,479-964-0796
262,Kwinu,Donnajean Durtnal,4 Cody Way,979-563-3295
263,Oyoyo,Genovera Dove,3 Westport Place,294-742-2068
264,Rhyloo,Kylie Munning,2 Continental Trail,359-684-5013
265,Edgeclub,Zach Podmore,6794 Scott Way,310-328-2062
266,DabZ,Carey Tuson,5 Jana Crossing,174-551-9520
267,Linkbuzz,Beale Guidera,765 Lien Court,631-488-2921
268,Rhynoodle,Evvie Woodwind,06407 Barnett Crossing,118-746-2348
269,Browseblab,Gertrude Bickerstaffe,9 Spohn Circle,182-213-1364
270,Jabbersphere,Bernadene Pierse,22 Forest Dale Street,119-442-2033
271,Gabcube,Murray Prendeville,96461 Clemons Street,203-110-1812
272,Minyx,Thoma Shoebotham,20 Melrose Park,221-323-2596
273,Abata,Gib Beecroft,8815 Drewry Parkway,712-279-5274
274,Snaptags,Brynne De Ruel,287 High Crossing Street,958-556-6233
275,Voolith,Karna Duiguid,09087 Bashford Terrace,454-542-9668
276,Demimbu,Zachary Shipway,2 Kensington Drive,494-639-2084
277,Blogspan,Lisa Schott,659 Starling Point,996-756-9746
278,Photojam,Kipp Gaskarth,1 Bonner Trail,428-703-8036
279,Feednation,Alleen Woofinden,38619 Saint Paul Way,954-802-6233
280,Jaxnation,Stanly Giraudy,42718 Mcguire Alley,262-674-7455
281,Twitterbridge,Kimble Aspinell,69414 Lyons Park,177-697-9852
282,Wikizz,Nevsa Bockler,329 Fieldstone Terrace,647-826-8707
283,Zoomzone,Tuckie Tippett,0858 Bluejay Park,878-321-8170
284,Demimbu,Corbin Clampton,84643 Almo Street,435-782-6146
285,Photojam,Denise Krauss,7 Ramsey Place,219-688-1997
286,Miboo,Dickie Bollon,8006 Sugar Way,302-360-2599
287,Kare,Vanya Iamittii,9183 Continental Drive,414-944-7940
288,Tagopia,Fedora Axby,201 Monterey Point,543-266-7402
289,Yabox,Zandra Legon,53904 Maple Wood Center,943-659-3712
290,Rhybox,Pasquale Gilbanks,4 Hazelcrest Trail,548-455-5565
291,Shufflebeat,Brewer Rathbourne,3 Summer Ridge Circle,269-117-7093
292,Tagchat,Merle Stickney,19 International Circle,885-591-5031
293,Dabtype,Carolin Saintpierre,944 Nancy Pass,739-951-7886
294,Eayo,Karita Sigart,21 Montana Circle,383-358-7180
295,BlogXS,Enrico Coniff,62 Pennsylvania Hill,872-223-1745
296,Wordtune,Hyacinthe Varsey,1944 Erie Street,454-114-0261
297,Feedspan,Dell Bushnell,5 Gulseth Lane,599-340-2452
298,Edgetag,Jerrilee Presdee,2 Hoepker Junction,512-160-9909
299,Voolith,Bogart Thatcham,719 Westport Parkway,194-737-4719
300,Rhynoodle,Gennie Fountian,3 Gateway Way,693-533-8219
301,Realcube,Charla Kitney,52 Kings Plaza,202-342-3950
302,Fanoodle,Ciro Paffot,6927 Oneill Parkway,949-985-8248
303,Mita,Nonnah Coot,1 Meadow Valley Drive,615-342-2097
304,Oyondu,Gwenora Bagwell,89 Bayside Junction,536-299-2191
305,Feedspan,Tyrus Pourvoieur,936 Vidon Pass,939-424-4891
306,Oba,Livvie Tumulty,836 Fremont Way,907-688-4012
307,Meemm,Arlana McClosh,933 Oakridge Hill,838-449-5239
308,Livetube,Mill Tizzard,4 Kenwood Place,255-698-9437
309,Linkbridge,Felix McCoish,11 Parkside Court,917-355-6880
310,Fivebridge,Marlo Burdge,31740 Pearson Lane,798-166-8002
311,Topicshots,Christian Beecraft,311 Fair Oaks Pass,175-743-4796
312,Quire,Freddi Hasely,208 Crowley Parkway,966-924-2914
313,Twitterbridge,Hermine Clowser,667 Kinsman Way,456-124-3696
314,Twimbo,Dayle Alcide,6702 Dapin Drive,500-558-8027
315,Agimba,Reggis Bucktharp,1 Moulton Terrace,753-981-8822
316,Yambee,Dorry Breach,5 Brentwood Terrace,194-145-5040
317,Dynava,Eben Vail,57 Parkside Circle,386-746-5137
318,Edgeclub,Xena Embury,944 Ronald Regan Park,538-690-9045
319,Plajo,Malvin Dayley,01286 Annamark Terrace,869-483-5579
320,Oba,Babs Andries,65 Cordelia Place,975-898-7820
321,Babbleset,Howard Laible,527 Crownhardt Hill,387-903-9709
322,Voolia,Darnell Stoak,8 Logan Road,718-657-3580
323,Podcat,Marthena Carah,58913 Banding Lane,353-303-2346
324,Voonder,Jamima Takis,8919 Dorton Junction,532-332-8479
325,Kwimbee,Brandy Gapp,3638 Stephen Plaza,210-929-4694
326,Skyndu,Rene Meagh,09092 Nancy Pass,589-794-0825
327,Dynabox,Deva McCoy,232 8th Road,872-991-3702
328,Demivee,Janos McKiernan,1 Valley Edge Pass,862-704-7176
329,Jamia,Rochella McDonald,5843 Monica Circle,497-503-5965
330,Chatterbridge,Webster Yeowell,103 Welch Hill,775-236-3561
331,Meezzy,Rodie Cavanaugh,4 Mayfield Drive,179-717-9119
332,Shufflebeat,Marlene Lanfranchi,10550 Stoughton Junction,629-258-5101
333,Rooxo,Blaine Grzesiak,9 Pearson Way,320-797-1829
334,Youopia,Analise Esgate,0 Kropf Junction,413-863-3433
335,Wikivu,Obie Jurewicz,65519 Buena Vista Lane,580-186-5539
336,Vimbo,Bondon Saggers,69 Myrtle Center,321-299-8100
337,Skynoodle,Meghann Hawkswell,7 Farragut Park,990-175-9864
338,Demivee,Krystle Dracey,8287 Kensington Point,219-863-3389
339,Ntag,Vanessa Donald,47055 Farmco Way,145-499-5981
340,Wordpedia,Thorpe De Bellis,6003 Anhalt Crossing,109-957-5294
341,Eayo,Winifred Rego,23 Prentice Parkway,864-917-5070
342,Katz,Charlie Burriss,861 Cody Avenue,637-370-2277
343,Mynte,Emilia Dearnly,033 Spenser Crossing,414-469-3672
344,Jayo,Isidro Rocks,5 Trailsway Plaza,731-219-8853
345,Tambee,Frankie Dyers,0 Darwin Center,702-775-1589
346,Mynte,Cissiee Letterick,99438 Merrick Lane,622-157-2204
347,Kayveo,Harrie Yakunkin,8 Grasskamp Place,313-636-9509
348,Babbleset,Karlotte Cressey,5722 Fremont Parkway,932-177-9715
349,Jazzy,Cindra Bubbins,82 Menomonie Parkway,778-697-2212
350,Dynazzy,Alecia Strasse,89 Cody Avenue,497-220-5751
351,Meevee,Mathias Coronado,6 Carberry Place,107-468-4550
352,Bluezoom,Danice Olesen,742 Orin Pass,536-880-5531
353,Rhycero,Cornie Millins,1 Westport Court,940-952-3963
354,Jatri,Herve Coulsen,14 Pankratz Place,696-437-0829
355,Fivespan,Donny Moehle,5 Sutherland Parkway,751-374-8512
356,Dynava,Gerty Mathiot,79 Scofield Alley,950-944-2339
357,Topicware,Marrissa Tyce,0905 Sutherland Road,296-144-8296
358,Yabox,Bentlee Lyptratt,2639 Scoville Point,790-611-0476
359,Zooveo,Christie Le feuvre,5523 Corry Trail,620-127-1945
360,Buzzbean,Dermot Le Monnier,253 Lien Plaza,713-164-9364
361,Jayo,Margret Wraight,30 Armistice Trail,435-968-8092
362,Dabfeed,Stella Erdis,357 Mccormick Court,340-611-0779
363,Yodel,Rolf Phonix,2235 Chive Drive,320-734-7166
364,Mycat,Joseito Saffle,407 Mosinee Road,512-923-0016
365,Fatz,Merilee Carley,974 Dayton Avenue,674-981-9541
366,Twitterlist,Alanna Wimmer,89 Morrow Trail,213-705-9912
367,Jaloo,Jeane Gooke,0 Johnson Street,252-346-8028
368,Flipbug,Cassaundra Mahon,6 Carioca Crossing,708-938-5733
369,Tambee,Birdie Parrett,2 Brentwood Way,467-290-3240
370,Leexo,Howard Chastney,1 Hovde Pass,572-104-2117
371,Roomm,Georgianna Ericssen,237 Forest Dale Trail,502-319-9122
372,Yotz,Douglass Grancher,9 Old Shore Center,678-855-8666
373,Devbug,Reed Murricanes,56 Bunting Lane,384-685-4514
374,Innojam,Quillan Cashin,04389 5th Plaza,964-345-2588
375,Tagfeed,Liva Vasilik,63 Clyde Gallagher Road,695-704-7691
376,Flipbug,Forester Gauchier,7323 Huxley Avenue,753-583-1667
377,Meemm,Bobby Barkus,714 Wayridge Court,162-812-2370
378,Mybuzz,Geordie Walkley,9615 Loomis Terrace,936-485-0013
379,Topicblab,Bernardo Daye,8 Linden Park,878-369-5245
380,Photofeed,Shalna Graalman,89 Cottonwood Court,697-747-1020
381,Yambee,Chilton Beange,3 Lawn Crossing,538-209-1546
382,Yakijo,Ana Scardifield,0 Lawn Pass,569-232-3201
383,Quimm,Stesha Holtom,1890 Dawn Center,773-788-1866
384,Digitube,Shaughn Bortolomei,866 Kings Center,971-881-3115
385,Meeveo,Chandal Hedley,289 Elgar Alley,263-511-0308
386,Yombu,Lissi Figge,5493 Sycamore Point,729-334-7801
387,Teklist,Lilas Shellsheere,595 Maple Lane,666-630-7599
388,Babbleset,Ellie Battin,37559 Dennis Circle,344-794-5369
389,Voomm,Ham Sibery,3769 Merrick Trail,117-301-7893
390,Meeveo,Shannah Gounin,8681 Duke Plaza,748-979-1011
391,Yakijo,Paolo Boyle,50979 East Avenue,719-173-2881
392,Dynabox,Eli Kellard,493 3rd Drive,777-568-6704
393,Skajo,Debbi Woodhouse,44280 Ramsey Park,141-765-8821
394,Buzzshare,Twila Klessmann,78052 Fair Oaks Court,451-470-8928
395,Devify,Broddy Morrish,491 Gina Plaza,572-472-4249
396,Skiba,Evelina Jarman,610 Tony Place,237-942-1027
397,Zazio,Austine Saiens,77 Buell Circle,880-256-5370
398,Eire,Sonya Axford,26945 Farwell Terrace,640-784-0485
399,Skiba,Ella Siward,34 Petterle Junction,427-379-0084
400,Buzzbean,Wadsworth Wilde,7923 Cherokee Circle,273-276-7074
401,Meevee,Colver Crosher,93169 Packers Crossing,688-114-7530
402,Cogibox,Berne Galvin,5733 Saint Paul Street,364-974-8498
403,Yombu,Fran Clempton,081 Longview Point,182-595-3902
404,Shufflester,Atalanta Kampshell,2722 Anhalt Hill,828-471-8826
405,Mynte,Rudolph Davidson,3 Esker Place,587-559-0799
406,Cogilith,Regine Shaw,72 Arrowood Drive,821-100-6720
407,Geba,Dall Burriss,2 Hovde Junction,306-225-6844
408,Jabberstorm,Benjy Slyde,6183 Cody Pass,972-871-3383
409,Skimia,Rosmunda Mullany,83 Butterfield Circle,343-213-8824
410,Skiptube,Zorina Bischoff,094 Sauthoff Crossing,339-959-5184
411,Chatterbridge,Kial Gravey,38 Little Fleur Avenue,551-606-5009
412,Skibox,Isaiah Grishelyov,4 Dapin Parkway,536-827-5222
413,Reallinks,Phillie Glandon,053 Westridge Hill,449-325-3618
414,Teklist,Arne Coughlan,7456 School Circle,887-219-1510
415,Kwideo,Kirstin Wyllie,19531 Colorado Junction,700-290-8508
416,Yombu,Wadsworth Ainge,5410 Bobwhite Plaza,896-776-1687
417,Bubblebox,Gladi Simony,099 Bayside Junction,947-586-5349
418,Rhyzio,Sileas Riggeard,2550 Ridge Oak Alley,119-703-2926
419,Browsezoom,Carlee Broster,3 Buhler Hill,494-299-9618
420,Youopia,Sabine Chuck,48 Waywood Parkway,534-907-0136
421,Brainverse,Lula Sindall,3 Hudson Point,527-295-4132
422,Skinte,Ashley Mullis,1 7th Pass,942-888-1216
423,Muxo,Nolly Yesipov,79055 Huxley Circle,571-498-3282
424,Tagcat,Hill Gibberd,969 Vahlen Point,903-821-6465
425,Skiba,Cristie Albery,224 Carberry Circle,914-270-7962
426,Skidoo,Kiri Raggles,7147 Moulton Trail,735-178-4878
427,Browsezoom,Stanfield Neggrini,22714 Paget Place,326-735-4930
428,Latz,Sigismundo Trenholme,5884 Leroy Circle,512-373-1696
429,Vinder,Lauren Prickett,92 Golden Leaf Center,782-678-2183
430,Twitternation,Ferdinande Petasch,9784 Havey Point,176-597-4521
431,Bluejam,Patrizia Dun,11202 Eastwood Point,421-978-8734
432,Viva,Teressa Burnhill,59626 Gale Plaza,846-255-4291
433,Photofeed,Murvyn MacGuiness,4 Welch Parkway,991-829-6168
434,Photolist,Tore Hallybone,13331 Thierer Crossing,359-237-1903
435,Flashset,Karalynn Coyne,9 Village Green Park,366-941-0615
436,Quatz,Charil Galey,21 Bowman Street,202-450-6189
437,Mynte,Ravi Emett,87577 Dayton Circle,251-627-7162
438,Quamba,Bryn Kirsop,52 Memorial Lane,295-728-6718
439,Roodel,Orelle Collibear,507 Esker Avenue,643-740-6161
440,BlogXS,Fin Wisdom,1421 Charing Cross Avenue,688-664-2173
441,Wikibox,Blondie McTeggart,5095 Norway Maple Junction,293-242-4204
442,Livepath,Parke Bragge,207 Dottie Pass,372-386-1949
443,Babbleblab,Shir Gidney,796 Main Alley,782-705-4624
444,Muxo,Sherri Scarisbrick,655 Ryan Crossing,108-976-5292
445,Realbridge,Brina Dockrey,44755 Orin Crossing,347-192-5802
446,Tekfly,Deane Ineson,47 Ridgeway Circle,765-639-7733
447,Jabberbean,Linnell Swinfon,79 Warbler Junction,385-159-6972
448,Edgeclub,Harmon Blaxill,8751 Mcbride Alley,318-563-7134
449,Jabberstorm,Robbin Abramski,7 Atwood Hill,957-442-9092
450,Ooba,Pammy Abrams,03 Union Circle,243-988-3052
451,Skivee,Dene Karoly,75 Lillian Hill,694-539-2467
452,Demimbu,Kermit Derx,23 Drewry Hill,627-867-4466
453,Miboo,Mohammed Lavers,08601 Rieder Road,415-281-4846
454,Devpoint,Malcolm Pittock,796 Northwestern Alley,604-626-3830
455,Tagpad,Clemente Popeley,30918 Lighthouse Bay Hill,788-201-3734
456,Topiczoom,Una Issacov,1 Marquette Terrace,427-769-3467
457,Rooxo,Kayley Derges,13456 Talisman Trail,672-462-9401
458,Gigazoom,Bettina Witcomb,06 Crowley Street,900-316-4952
459,JumpXS,Bev Casperri,205 Welch Road,990-493-0540
460,Vidoo,Mordecai Pirkis,7056 Boyd Plaza,169-996-2303
461,Zoombox,Tiphanie Klimschak,7980 Heath Place,531-726-3615
462,Roodel,Ailee Crookston,3086 Forest Lane,137-580-9850
463,Yabox,Bernardine Dayborne,15 Cardinal Center,497-983-4140
464,Zoonoodle,Maiga Formilli,6 Onsgard Trail,431-402-0782
465,Yakitri,Ewart Harrigan,6099 New Castle Circle,807-218-4380
466,Centimia,Chad Merryweather,7860 Lien Way,515-353-7596
467,Yotz,Martina Sambedge,166 Hooker Way,679-150-8313
468,Teklist,Alexandr Dunlop,13 Lakewood Pass,691-968-7592
469,Camido,Winnifred Piatkowski,59 Fair Oaks Avenue,894-445-8651
470,Roodel,Lazarus Brognot,56941 Northport Street,382-483-0730
471,Trudoo,Grete Murrie,2 Mcbride Terrace,593-668-4749
472,Skibox,Hilda Weatherell,61 Rusk Terrace,243-196-8874
473,Twinte,Benita Warman,2760 Paget Court,147-688-9318
474,Feedfire,Matelda Knaggs,54219 Anzinger Pass,887-897-9716
475,Rooxo,Alaster Avramovitz,7 Brentwood Place,803-298-5880
476,Photobean,Thia Sandyford,245 Heffernan Parkway,544-818-0556
477,Topiclounge,Terrye Docksey,4 Waxwing Crossing,942-443-7220
478,Zava,Horace Goldney,5 Chive Pass,327-936-5028
479,Realblab,Sherye Ware,290 Westport Way,399-739-9930
480,Browseblab,Maren Henrichsen,48 Bashford Place,891-757-2182
481,Blogspan,Sydney Warters,42 Acker Court,803-199-1854
482,Jetwire,Harley Slatten,3471 Superior Junction,927-756-2496
483,Skyble,Babara Maddigan,11048 Valley Edge Place,965-924-0467
484,Roomm,Keane Wake,4 Florence Place,202-920-5850
485,Ailane,Danny Prangle,4172 Trailsway Plaza,973-362-8574
486,Jaloo,Adler Parbrook,71661 Cascade Street,862-288-8450
487,Katz,Novelia Coulsen,6 Debs Way,656-175-5938
488,Flipstorm,Velma Petera,5243 Reindahl Street,830-820-5406
489,Eazzy,Gawen Audsley,72 Lillian Center,933-129-7466
490,Zoovu,Carmelina Cassells,86377 Warbler Park,901-496-1119
491,Quimba,Walker Rakes,99 Dexter Street,315-111-3927
492,Realblab,Angela Horder,16390 Longview Place,482-667-2557
493,Youtags,Kalli Preedy,7 Scott Road,239-345-9468
494,Oozz,Marlo Sheran,6183 Meadow Ridge Alley,601-907-2891
495,Oba,Luciana Barnfather,955 Pawling Pass,574-432-5400
496,Quimm,Hamlin De Ambrosi,14 3rd Terrace,330-146-8577
497,Ooba,Sibylle Timmes,5 Gale Crossing,457-892-9280
498,Devpulse,Estella Eichmann,97981 Fisk Street,844-489-8793
499,Zoonoodle,Desmund Pagitt,8 Kingsford Road,774-596-0232
500,Twitterbeat,Phillipp MacGillicuddy,23098 Coleman Alley,782-329-0221
501,Jabberstorm,Erminie Meates,304 Birchwood Pass,975-220-0567
502,Thoughtworks,Aggie Bachnic,17882 Florence Court,307-248-2812
503,Rooxo,Maure Gilgryst,362 Jenna Street,276-338-2517
504,Aibox,Selby Hyman,836 Esker Court,172-354-1135
505,Tekfly,Wynnie Beamson,94626 Manitowish Center,968-742-0385
506,Yakitri,Donavon Rotter,03 Haas Junction,114-833-0064
507,Buzzdog,Filbert Mayston,93 Sheridan Circle,256-575-0958
508,Meembee,Cecilius Birth,8 Thompson Place,850-263-9316
509,Gabvine,Willabella De Bruijn,4189 Sullivan Drive,147-424-4757
510,Pixonyx,Zelda Farlambe,6 Dawn Trail,930-706-0092
511,Zoomcast,Hurleigh Laidlow,9058 Arizona Drive,300-184-6659
512,Zoomcast,Eamon Dyment,08 Upham Drive,966-986-4063
513,Skynoodle,Deb Repper,97 Fieldstone Court,175-132-8787
514,Bubbletube,Bryana Brecon,445 Prairieview Street,482-965-6491
515,Skipfire,Bourke Balmforth,98 Everett Way,259-907-3364
516,Rhynyx,Delano Feldmesser,825 Macpherson Pass,888-938-9884
517,Zoozzy,Judon Massimi,8548 Mifflin Crossing,299-786-1468
518,Quimm,Reagan Williams,79217 Kipling Point,104-247-1257
519,Voonix,Kent Goldhill,1 Karstens Crossing,472-469-2468
520,Divape,Mae Lumbly,469 Hayes Alley,665-313-6813
521,Skimia,Shalom Huntingdon,1889 Stone Corner Plaza,573-148-9075
522,Trunyx,Saunder Weavers,9 Namekagon Parkway,441-651-6594
523,Ntag,Carola Kelling,15574 Bunker Hill Alley,334-580-0163
524,Skaboo,Karylin Maryott,62 Bayside Place,819-929-3348
525,Rooxo,Douglas Vanyashin,15658 Bunting Terrace,550-996-1007
526,Flashset,Teena Alessandrucci,91508 Northview Terrace,266-687-4187
527,Voonyx,Veriee Swait,04 Prairie Rose Avenue,691-249-1743
528,Chatterpoint,Orion Seeger,40 Namekagon Place,749-867-5589
529,Yozio,Kailey Charrette,759 Jenna Parkway,591-126-3924
530,Zoonoodle,Pet Lemasney,54 Carioca Plaza,803-516-5481
531,Rhyloo,Mannie Fantone,6276 Grim Crossing,630-821-1205
532,Ntag,Patrica Mount,7 Manitowish Court,744-387-4192
533,Quinu,Cristiano Ledgerton,5571 Vera Alley,422-473-0388
534,Browsezoom,Broddy McNae,09 Steensland Pass,220-198-1562
535,Zoonder,Malvina Lindbergh,440 Lukken Crossing,376-760-3541
536,Lazzy,Alana Blore,85406 Spohn Hill,846-698-6733
537,Meemm,Marcellus Moncrefe,52365 Lyons Center,422-732-9214
538,Mynte,Fred Farres,7 Buell Trail,469-260-8331
539,Fanoodle,Janeta Oehm,56127 Dayton Trail,369-298-9447
540,Tagcat,Red Alcott,97223 Golden Leaf Point,982-191-9627
541,Voolia,Orrin MacCosty,7 Sachs Avenue,236-537-9955
542,Riffpath,Katerina Giacopetti,70 Golf Course Avenue,250-932-4384
543,Rooxo,Allene Basire,7700 Manitowish Road,645-272-3326
544,Flashset,Ronda McClosh,825 Vidon Lane,411-293-8321
545,Bubbletube,Germaine Fanshaw,427 Hanover Terrace,357-163-2158
546,Skinder,Etienne Motherwell,56476 Mallard Junction,770-955-8486
547,Einti,Pru Lorkings,5 Sundown Avenue,946-395-3196
548,Kimia,Georgia Benedick,0 Del Mar Way,270-256-6181
549,Rhynoodle,Charil Dobbins,428 Sutherland Lane,505-263-8969
550,Meevee,Abdel Mellodey,3 Ilene Terrace,503-228-6981
551,Thoughtsphere,Andrei Elwin,211 Golden Leaf Road,560-690-2196
552,Yakidoo,Dulcinea Mapp,3 Rockefeller Alley,649-997-1287
553,Fanoodle,Meridith Chomiszewski,438 Riverside Hill,479-459-1014
554,Skimia,Lesley Grindley,41 Dawn Street,714-794-5581
555,Ailane,Elayne Coase,497 Esker Crossing,459-429-0798
556,Kwimbee,Langston Gorgl,2 Darwin Pass,610-526-4754
557,Gevee,Arly Benninger,79 Mosinee Center,685-157-3596
558,Dynava,Finley Lindman,7 Grayhawk Court,918-365-2176
559,Babbleblab,Yule Nevill,7 Dawn Junction,817-432-1543
560,Zoomzone,Beilul Thuillier,0 Scott Way,219-346-4958
561,Pixonyx,Rockwell Bagenal,36 Lotheville Parkway,656-569-2819
562,Meejo,Hollie Blincow,64322 Valley Edge Circle,788-380-5155
563,Pixoboo,Dyanne Coules,59 Bellgrove Alley,244-442-4069
564,Janyx,Alice Pegler,92 Eliot Drive,843-308-9555
565,Photobug,Ash Kieff,76 Prairie Rose Pass,330-788-2660
566,Skiptube,Gustavo Staves,8 Anniversary Way,716-808-8202
567,Twitterwire,Kristan Bassingden,5529 Westridge Court,812-660-4298
568,Leexo,Sherie Manning,92510 Russell Pass,504-888-7581
569,Kwilith,Maurice Abrams,7 Packers Trail,330-264-8636
570,Flashset,Jason Gammidge,7263 Dixon Place,292-635-4917
571,Eazzy,Tod Paslow,8322 Stoughton Drive,106-400-3795
572,Dabtype,Cary Staggs,1759 Lillian Drive,578-171-0657
573,Shuffledrive,Darby Ondrasek,0426 Surrey Junction,501-702-1473
574,Zoozzy,Xymenes Gaucher,150 Elka Drive,243-590-5173
575,Myworks,Parker Bateman,1 Fair Oaks Terrace,456-226-1583
576,Demizz,Libbi Duff,13021 East Point,457-514-4813
577,Skidoo,Chrissie Aspden,7 Raven Court,885-468-5033
578,Quatz,Rockie Corry,0789 Mallard Street,400-307-0196
579,Quatz,Levi O'Cooney,538 Sunbrook Plaza,826-599-2739
580,Zoozzy,Leicester Farrar,84 Jay Alley,967-926-0472
581,Lajo,Camile Allchorne,7775 Mcguire Circle,125-791-3671
582,Youtags,Horton Kelinge,4 West Center,635-256-2533
583,Lazzy,Elyn Andreucci,697 Namekagon Drive,863-835-7636
584,Jaloo,Eldredge Hartop,91888 Debs Court,582-323-8715
585,Bluejam,Dewey Colthard,923 8th Plaza,441-184-6296
586,Tekfly,Yuma McTague,57557 Bay Terrace,277-591-6512
587,Devbug,Buddie Cutten,1439 Hollow Ridge Pass,505-842-1453
588,Yodo,Cal Muggleton,7651 Loftsgordon Drive,806-821-5741
589,Lazzy,Hetty Scotts,4742 Brown Alley,318-211-9526
590,Jamia,Ada Seiffert,79449 Hansons Road,528-712-8072
591,Eire,Paul Choat,23 Thierer Court,855-202-6861
592,Quire,Glynn Tissell,4 South Trail,663-356-8059
593,Babblestorm,Angel Whyberd,9374 Redwing Alley,729-429-3955
594,Twitternation,Bradford Doggerell,75 Bartelt Plaza,673-158-3504
595,Omba,Adara Emmison,6241 Lerdahl Point,298-250-8727
596,Meevee,Olly Lenox,29 Hoepker Street,535-667-7974
597,Youtags,Ashbey Strippel,9182 Moose Lane,530-479-1195
598,Podcat,Anneliese McLewd,4 Mallard Avenue,694-673-7502
599,Trilia,Odey Gretham,8 Sachtjen Way,471-235-6931
600,Leenti,Cristionna Tenman,53 Stephen Drive,757-293-7664
601,Zoomzone,Shelli Thexton,6 Meadow Ridge Park,228-410-7080
602,Skinix,Cullin Phair,2 Del Sol Parkway,498-147-9069
603,Feedfire,Marne Hedden,3 Melvin Road,658-262-7940
604,Yamia,Megan DelaField,28 Porter Hill,551-681-9091
605,Skilith,Sean Vescovini,2 Esker Drive,413-423-3265
606,Tazzy,Norris Emeline,954 Veith Circle,337-544-3734
607,Wikibox,Tyne Saenz,03419 Northview Trail,919-448-7040
608,Ainyx,Melodie Hinkens,0 Hintze Place,640-332-3697
609,Vinder,Clareta McIlheran,75859 Rockefeller Junction,981-582-0534
610,Trudeo,Erminia Hayer,476 Bluejay Point,471-150-8048
611,Babbleset,Shawna Everly,51 Delladonna Trail,558-235-9866
612,Gigashots,Whittaker Moyers,2477 Lyons Lane,208-976-5617
613,Gabspot,Dulcine Langland,87748 Prairie Rose Trail,210-346-6369
614,Bubblemix,Abeu Nourse,5054 Gateway Lane,662-509-1548
615,Babblestorm,Tony McDade,7 Muir Parkway,617-750-2945
616,Geba,Phillipp Klugel,89319 Myrtle Plaza,503-575-8513
617,Photobean,Fletch Faux,5488 Namekagon Way,655-736-6714
618,Yamia,Berti Gannicleff,9040 Village Circle,778-245-0230
619,Topiczoom,Orion Lorimer,8 Lighthouse Bay Circle,770-916-9863
620,Skyvu,Leta Crawforth,7 Jenna Avenue,464-965-2617
621,Voonte,Felicdad Threlkeld,890 Red Cloud Park,752-745-1340
622,Eamia,Ford Grave,3262 Annamark Way,187-677-4763
623,Aivee,Gerianna Harker,914 Sauthoff Terrace,207-451-0353
624,Feedbug,Aprilette Bear,48314 Hudson Hill,914-739-4980
625,Oyonder,Christal Sprull,081 Monterey Court,342-106-0389
626,BlogXS,Chlo Thebes,34810 Fremont Avenue,460-110-6048
627,Eamia,Maryjane Maine,94 Maryland Alley,704-135-4818
628,Dynabox,Joete Sanger,017 Clyde Gallagher Way,350-166-3994
629,Tagcat,Laurianne Rainsbury,0 Hovde Way,309-280-8147
630,Youspan,Roby Hercules,67966 Commercial Crossing,865-487-1190
631,Cogidoo,Netty Corrin,47 Mayfield Pass,629-199-0719
632,Jabbersphere,Ricki Fearnley,5 Clove Trail,333-438-1876
633,Divape,Constantino Thurstan,3306 Sachs Drive,263-986-6589
634,Wordware,Finley Stonelake,8079 Cardinal Lane,549-376-7079
635,InnoZ,Cassi Merriman,42 Kingsford Plaza,118-611-1672
636,Voonix,Carrissa Denniston,91 Johnson Terrace,390-293-4288
637,Zooxo,Ingeborg Targe,3986 Randy Crossing,444-154-1292
638,Quinu,Nancee Cappleman,3 Gerald Drive,431-717-8005
639,Youtags,Damien Ryall,63218 Pond Park,246-635-1822
640,Gevee,Mab Smittoune,98829 Stuart Junction,529-703-5012
641,Voomm,Pace Whinray,7 Bay Avenue,957-367-5550
642,Trilith,Bibbye Pinching,5 Delaware Street,696-309-2591
643,Jazzy,Jerrylee Bulford,94622 Wayridge Avenue,883-346-2187
644,Pixope,Jeannie Thain,061 Pleasure Alley,186-670-4447
645,Shufflester,Craig Zannotti,22000 Sherman Park,671-979-4818
646,Eare,Rock Fairn,23623 Nobel Way,630-470-9522
647,Eayo,Lyn Hatton,122 Northport Terrace,987-146-4556
648,Gabvine,Forbes Vaughan-Hughes,967 John Wall Street,133-968-6313
649,Edgeclub,Eadmund Valentine,4 Carpenter Pass,712-323-8141
650,Shuffletag,Cyndie Derisley,01 Jenna Lane,401-711-2289
651,Photobug,Dara Venning,0 Lyons Park,872-135-1073
652,Skilith,Casar Pfeffer,79 Springs Point,143-969-1096
653,Riffpath,Amandi McCowen,3311 Beilfuss Trail,656-972-8773
654,Avavee,Gianni Eldred,62 Schurz Parkway,821-359-6334
655,Wordware,Fredelia Lent,72 Red Cloud Hill,899-995-0399
656,Skilith,Cletis Rushmare,839 Laurel Pass,819-375-2226
657,Oyoyo,Had Bounds,05 Dakota Lane,650-432-8538
658,Kwilith,Papagena Purchall,1 Kingsford Point,125-873-1036
659,Riffwire,Clarisse Titcumb,1572 Aberg Point,743-589-3265
660,Feedfire,Lidia Franiak,13 Anderson Place,368-805-7612
661,Kanoodle,Dianna Kleuer,9783 Carpenter Trail,601-750-0247
662,Rhybox,Palmer Bernardeschi,164 Coleman Pass,146-453-2092
663,Rhynyx,Ollie Cayser,4 Basil Street,718-252-6777
664,Jaxspan,Benjamen McFadden,9 Mcbride Court,956-229-0102
665,Meezzy,Emelda McClune,553 Judy Terrace,793-927-6742
666,Photojam,Emmalee Birckmann,41 Hagan Plaza,539-605-2385
667,Skaboo,Elsey Whistlecroft,29476 Butterfield Alley,418-886-2430
668,Vinder,Kala Lerego,2443 Brickson Park Point,203-360-3944
669,Bluejam,Jerome Rupert,7663 Mayer Avenue,106-600-2289
670,Tagcat,Duncan Swabey,2 Claremont Way,588-917-2866
671,Mycat,Raimund Calway,10 Paget Point,656-483-4480
672,Voonyx,Alfred Ellingford,2 Quincy Avenue,577-864-5221
673,Fiveclub,Robin Puttergill,496 Dawn Lane,104-367-9650
674,Livepath,Goober Chattoe,0072 Reinke Road,759-670-1138
675,Kimia,Freddy Arnaez,78 Onsgard Place,823-144-4684
676,Tazzy,Lula Privett,0 Upham Avenue,477-440-2211
677,Kwimbee,Sanson Robichon,28 Golf Course Street,369-646-7652
678,Demizz,Nev Keelinge,12 Pawling Avenue,634-891-1045
679,Kwilith,Hymie Coyte,538 Utah Circle,982-317-6028
680,Katz,Dolorita Gebhard,25 Anzinger Park,643-383-7303
681,Gigashots,Caresa Brotherwood,82568 Gina Junction,160-101-7544
682,Yodel,Natty Tryme,3 Spohn Circle,789-904-5144
683,Zoomlounge,Jeremiah Gillmore,663 Buena Vista Circle,758-274-1332
684,Shufflester,Westbrooke Deane,9474 Mayer Terrace,725-952-7896
685,Jatri,Lilyan Duignan,416 Anhalt Court,586-708-4547
686,Cogibox,Farlee Langdale,706 Dorton Park,753-647-8901
687,Rhynoodle,Vevay Drakers,6349 Schlimgen Pass,283-872-5251
688,Meedoo,Cristionna Hoyle,56 Nancy Road,991-869-2018
689,Meevee,Nicol Faloon,54 Old Gate Parkway,904-741-1440
690,Avaveo,Mace Brewse,93395 Nova Drive,366-757-4189
691,Bubbletube,Bartolomeo Gwilt,9317 Crownhardt Junction,285-345-9398
692,Photolist,Gaven Castagneto,1 Melody Avenue,419-723-2576
693,Quinu,Conny Ferney,68193 Buhler Park,469-195-1063
694,Nlounge,Genna Stook,50 Eastlawn Drive,565-646-0354
695,Shufflebeat,Jocelyne Kilgrove,95 Steensland Lane,471-500-7453
696,Jayo,Cort Mattisssen,38 Bay Trail,779-124-1001
697,Mita,Alicea Spraging,62 Coleman Drive,235-906-3309
698,Flipopia,Lalo Montel,2 Anhalt Park,288-697-5356
699,Quamba,Erik Manthorpe,351 Clemons Way,495-824-1486
700,Kayveo,Gae Port,26 Bowman Trail,517-823-2651
701,Plambee,Mercie Dunne,1698 Myrtle Parkway,721-422-1159
702,Oyondu,Ariel Fronks,8792 Clove Avenue,472-172-0893
703,Quinu,Thalia Feronet,18 Nancy Avenue,766-611-6952
704,Cogibox,Trumann Olver,32 Algoma Park,598-973-1535
705,Riffpath,Clare Pidduck,4199 Loomis Avenue,394-317-1323
706,Yozio,Mannie Schwieso,2 Arkansas Alley,569-574-7417
707,Skynoodle,Hanan Austin,127 Milwaukee Circle,787-687-7852
708,Brainsphere,Cordelia Mc Ilory,8510 Killdeer Point,786-638-8182
709,Gabtype,Arney Pinchon,775 Old Gate Drive,617-572-4808
710,Eidel,Lonni Colliar,7441 Westerfield Parkway,914-724-0970
711,Dabtype,Tanya Jodlkowski,95613 Mccormick Road,688-305-3903
712,Jaxnation,Wiatt Blankett,9882 West Hill,984-400-8330
713,Aivee,Grete Fealty,49 American Road,914-252-1282
714,Realbridge,Kara Iacovo,0944 Melody Lane,987-838-0935
715,Photospace,Alexandro Treffrey,3 Briar Crest Hill,771-160-4625
716,Realcube,Corbett Doppler,7251 2nd Street,637-450-9109
717,Centidel,Kent Aspital,5 Lawn Way,823-322-7476
718,Gigazoom,Catlaina Byrch,8 Eagan Trail,440-465-2408
719,Thoughtbridge,Giraud Ca,8525 Warner Place,935-683-9850
720,Kamba,Meghan Kinane,73704 Meadow Ridge Point,952-239-3133
721,Trupe,Minni Streeter,25 1st Junction,318-280-1142
722,Lazz,Maura Oakinfold,81666 Scofield Lane,393-505-8738
723,Edgeblab,Lacee Boatwright,4 Donald Trail,281-864-0104
724,Topicblab,Glynnis Kiledal,04530 Alpine Drive,669-552-3271
725,Browsebug,Jabez Lauchlan,280 John Wall Junction,475-923-8647
726,Dynabox,Durand Stevenson,4 Blue Bill Park Drive,475-923-8143
727,Kimia,Alexei Hurtic,396 Dennis Lane,323-716-7924
728,Lazz,Chicky Sisland,72 Golf Trail,445-892-1521
729,Skajo,Rycca Smurthwaite,7 Mesta Point,881-683-8171
730,Riffpath,Betsey Songer,5 Bonner Road,582-360-1649
731,Oba,Liuka Teenan,8389 Forest Dale Circle,853-134-3230
732,Zoomdog,Eduardo Pedrocchi,8222 Meadow Vale Place,702-198-8241
733,Tagchat,Albert Harsant,65 Hintze Park,775-402-0719
734,Quaxo,Rickie Uglow,717 Leroy Park,697-860-4986
735,InnoZ,Alanah Imms,611 Tomscot Trail,540-632-1745
736,Jabberbean,Heda Ubanks,67570 Morningstar Lane,897-960-9136
737,Shufflebeat,Inger MacGuigan,27943 Victoria Circle,805-134-0848
738,Photobean,Timmi Trotman,4 Briar Crest Circle,855-965-2758
739,Flipbug,Levy Hegg,5 Haas Hill,459-665-8899
740,Buzzster,Yorke Wissbey,5569 Anniversary Lane,173-560-5116
741,Buzzbean,Ellerey Bissex,5 Anhalt Center,362-450-1339
742,Bluejam,Thibaut Cissell,593 Autumn Leaf Court,685-459-5145
743,Linkbridge,Danica Weaben,46 Montana Street,652-232-8695
744,Camimbo,Talyah Stubbings,0 Hovde Lane,528-618-5677
745,Wikizz,Pattie Beckhouse,57628 Eliot Court,829-814-2821
746,Dabvine,Aviva Stoffler,2 Dennis Road,524-412-4135
747,Edgeblab,Robinia Depper,54 Bunker Hill Junction,418-756-3923
748,Tagtune,Charmion Clabburn,4 Marcy Court,985-399-9856
749,Jaxnation,Gisela Winfrey,93 Blackbird Plaza,970-814-2705
750,Oba,Massimiliano Carnew,552 Gale Parkway,941-662-0599
751,InnoZ,Jenifer Ikin,176 Mandrake Road,971-586-7258
752,Eazzy,Melinde Postles,65 John Wall Lane,200-675-7374
753,Gigashots,Gram Basnall,0 Parkside Parkway,257-619-9418
754,Layo,Case Stidever,2 Washington Junction,445-572-1079
755,Realbridge,Blane Openshaw,1 New Castle Hill,240-550-8150
756,Kwilith,Rosella Moyes,1668 Forster Lane,377-700-4052
757,Topicware,Ali Carbin,1934 Atwood Circle,772-115-1049
758,Photojam,Rosmunda Lamplough,889 Hudson Terrace,944-670-1451
759,Rhynyx,Lyn Edghinn,9825 Debs Circle,975-607-5129
760,Linkbridge,Clayson Castle,5393 Golf Course Lane,331-983-1842
761,Jayo,Tammie Thornhill,9 Mandrake Alley,496-208-2691
762,Centimia,Meggy Siman,027 International Circle,962-570-3395
763,Chatterpoint,Marni Bathersby,76 Main Point,984-112-8682
764,Leexo,Georas Binestead,118 Sauthoff Pass,860-309-6929
765,Mycat,Costa Shurmore,001 Carey Road,180-863-8072
766,Wikibox,Gretta Liell,13 Morningstar Junction,936-821-4569
767,Youfeed,Douglass Gallon,9 Arapahoe Circle,101-270-2874
768,Voomm,Alphonse Sleith,000 Blackbird Parkway,171-680-5939
769,Oyoba,Jerrold Redholls,2 Saint Paul Place,547-414-0563
770,Buzzbean,Jess Cappleman,12 Bay Terrace,989-692-6910
771,Abata,Otto Emby,2 Mifflin Road,527-280-1059
772,Skyba,Rani Noli,97450 Drewry Pass,481-482-1125
773,Skivee,Gaby Wimlet,66300 Porter Lane,674-887-2982
774,Jaxnation,Jean Twine,88 Spenser Place,854-466-6504
775,BlogXS,Kirk Mountford,0576 Daystar Center,311-807-1466
776,Gabspot,Hanson Maciak,729 Rusk Place,523-548-3508
777,Aimbo,Datha Clarabut,273 Amoth Park,227-922-9473
778,Blogtags,Carlyn Keyworth,36481 Artisan Alley,318-200-7601
779,Lazz,Mahmoud Girling,3822 Stuart Plaza,415-250-7489
780,Mita,Daven Baskeyfied,0180 Vernon Center,794-954-2388
781,Yombu,Desmond Van den Velden,405 Browning Place,747-298-6571
782,Latz,Syman Diss,792 Shelley Circle,478-405-2895
783,Thoughtblab,Israel Puttan,5 Holy Cross Trail,972-653-9069
784,Devbug,Evita Seville,646 Ridge Oak Place,882-866-5614
785,Izio,Coreen Tollett,3221 Aberg Trail,305-475-1438
786,Zooveo,Henri Field,91 American Ash Place,792-796-5683
787,Wordware,Sherm Swindall,30 Cascade Center,179-447-8151
788,Tagpad,Hali Presnail,4534 Dorton Way,256-614-7296
789,Voonix,Shaughn Orleton,4723 Donald Point,818-949-2722
790,Avaveo,Cally Cowsby,5 Rutledge Park,288-290-1777
791,Fadeo,Salvidor Gaythorpe,49192 Columbus Trail,485-559-6336
792,Realbridge,Haze Haire,59108 Northridge Alley,972-157-4930
793,Dynabox,Marilin Dermot,219 Dorton Way,492-775-7425
794,Cogidoo,Orton Casazza,606 Meadow Valley Pass,971-589-0286
795,Avamba,Tabbi Camber,92 Truax Drive,716-936-9680
796,Kazio,Ettore Balaam,187 Hoepker Center,813-619-3281
797,Aibox,Lorens Hollindale,0896 Corry Road,402-374-6230
798,Meeveo,Ethelbert Whitnall,90001 Heffernan Court,167-763-7172
799,Zava,Sarine McNeigh,56 Dakota Lane,479-225-0766
800,Yamia,Tiffani Divall,3 Jenifer Crossing,350-224-8501
801,Agivu,Opalina Iveagh,3 Glacier Hill Crossing,123-578-2881
802,Feedbug,Karilynn Powers,34373 Oneill Avenue,671-772-1323
803,Twiyo,Verina Ilyasov,9 Kings Junction,395-229-4483
804,Yakijo,Bonnee Padbery,328 Vermont Park,916-897-4254
805,Fivespan,Waldemar Denziloe,168 School Junction,775-310-8953
806,Voomm,Nikos Leyzell,30125 Debra Center,723-450-2126
807,Gabcube,Killian Swayne,352 Talmadge Avenue,579-894-1616
808,Gigabox,Axel Bruyntjes,7 Di Loreto Hill,383-194-9123
809,Photobean,Langsdon Hartzenberg,12 Pawling Court,144-568-2101
810,Babblestorm,Tricia Danton,21513 Huxley Crossing,255-998-2653
811,Layo,Humfried Sherman,23666 Clemons Circle,880-661-3754
812,Devify,Georgetta Westmorland,65574 Shasta Plaza,684-421-2377
813,Rhynoodle,Lotti Eaton,32 Riverside Center,381-876-0571
814,Realblab,Allie Stiggles,5 Lien Court,438-336-0312
815,Lazzy,Orren McGenn,64 Westridge Parkway,709-518-1547
816,Fiveclub,Hymie Avory,04706 Arrowood Way,948-386-3849
817,Quinu,Clarisse Dawber,8381 Sachs Trail,565-826-5416
818,Kwideo,Padget Aaron,25534 Declaration Road,704-498-8914
819,Zoomcast,Rosalia Hourahan,98326 Buena Vista Street,952-343-9422
820,Oyope,Carmine Badwick,883 Division Circle,736-901-9623
821,Kwilith,Jenny Whiteman,33144 Express Way,524-253-0077
822,Muxo,Karl Grieger,766 Golf View Parkway,292-373-4653
823,Devpulse,Yvette Cuddihy,14834 Westridge Place,806-581-4843
824,Realbridge,Amelita Paris,21109 Nelson Park,458-701-0103
825,Voomm,Ira Kasher,32095 Brickson Park Way,940-397-9214
826,Topicshots,Irena Luthwood,7058 Jackson Alley,122-866-0018
827,Wikizz,Anabal Moyne,18 Mccormick Terrace,597-300-0248
828,Oloo,Barbette Jinkins,9 Sloan Court,831-865-1778
829,Bubblebox,Mario Comolli,77620 Basil Crossing,511-341-8929
830,Eadel,Tracy Westney,0346 Buena Vista Park,138-743-0479
831,Zazio,Kevyn Kinder,33 Pepper Wood Street,199-563-9280
832,Brightbean,Robbin Geraldo,029 Fremont Court,694-695-9896
833,Trilith,Charmane Whitehorn,7691 Bellgrove Junction,293-225-6010
834,Mynte,Daveta Sidden,0846 Becker Junction,572-364-9050
835,Oyoyo,Iseabal Franssen,310 Haas Point,230-502-4585
836,Jabbersphere,Inez Hegden,082 Larry Alley,694-489-4109
837,Yodoo,Nathanial Di Biasio,00 Lake View Road,985-420-9886
838,Jabbersphere,Carny Sagrott,5792 Hallows Center,314-615-1107
839,Mydo,Sid Bentick,6 Summerview Junction,878-911-0987
840,Miboo,Lise Stansall,03 Nelson Place,367-908-7131
841,Eimbee,Letisha Sketchley,4 Straubel Terrace,737-428-9171
842,Camimbo,Lemar Cyseley,535 Washington Hill,892-753-7363
843,Youspan,Eben Golborn,813 Meadow Ridge Circle,822-442-2293
844,Jetwire,Almeda Hurll,73685 Esker Court,320-159-4609
845,Innojam,Lina Iggulden,6421 Eggendart Circle,507-650-1933
846,Abatz,Grata Georgeau,8 Texas Drive,254-843-7824
847,Fivebridge,Josias Campione,9051 Melody Alley,205-943-8724
848,Dazzlesphere,Isidro Penney,79 Colorado Hill,421-672-6472
849,Kwilith,Gregg Moreinu,166 Meadow Ridge Place,154-936-1514
850,Oodoo,Berte Mathely,221 Cardinal Parkway,644-611-0281
851,Edgeblab,Duane Vass,97960 New Castle Drive,281-361-8937
852,Agivu,Sascha Chenery,42138 Pine View Drive,473-666-4962
853,Reallinks,Lia Allanby,16279 Stuart Pass,758-545-3706
854,Abata,Reinwald Van Arsdall,64072 Randy Court,104-174-4246
855,Yambee,Dietrich Kirkup,8 Mcguire Parkway,566-587-8934
856,Chatterbridge,Cherye Huff,19 Schiller Place,122-731-9153
857,Vitz,Roxana Scraney,41646 Trailsway Street,219-570-1748
858,Buzzdog,Adi Sellors,34359 Petterle Trail,772-183-9427
859,Layo,Alexine Sabberton,831 Porter Street,690-110-3995
860,Blognation,Care Grzesiewicz,46 Schurz Trail,620-211-6963
861,Buzzdog,Addison Bedbrough,40130 Bellgrove Hill,602-871-1758
862,Skyba,Sophie Simmell,253 Blaine Drive,444-779-3090
863,Topiczoom,Viola Janaszkiewicz,65 Cottonwood Alley,458-554-7922
864,Brainbox,Eldridge Labusquiere,417 Center Avenue,388-783-9780
865,Oyoyo,Webster Marikhin,7 Schlimgen Alley,477-931-5365
866,Browsedrive,Gerty Zupo,23533 Hagan Plaza,100-956-4472
867,Shufflebeat,Marylynne Sullly,51 Meadow Valley Trail,165-877-1641
868,Jetpulse,Lisha Brownell,56528 Myrtle Hill,299-610-2513
869,Rhycero,Rosemonde Woolford,166 Burrows Trail,560-797-0868
870,Shuffledrive,Bordie Cornewall,9114 Truax Circle,242-286-0677
871,Wordtune,Boote Roxburch,98731 Birchwood Parkway,334-611-1342
872,Dabfeed,Ailina Worswick,88077 Sutherland Road,798-914-6154
873,Realbridge,Fanya Cancutt,55 Steensland Circle,807-539-0958
874,Flashspan,Crichton Ferie,62395 Clemons Plaza,209-510-7931
875,Katz,Augy Giovannazzi,13 Namekagon Parkway,696-333-8891
876,Twitterlist,Erin Angelini,1 Oriole Way,191-983-5837
877,Thoughtstorm,Lanny Scrimshaw,6894 Milwaukee Hill,205-276-1624
878,Mita,Jerrylee Pape,5 Fieldstone Parkway,397-391-2169
879,Yata,Ax Stemson,1021 Grim Parkway,948-752-5515
880,Latz,Maury Downton,40 4th Center,200-894-8743
881,Muxo,Garvin Jeffray,34619 Grayhawk Circle,937-918-8021
882,Digitube,Jeralee Scritch,1885 Mandrake Parkway,987-678-5435
883,Babblestorm,Marina Ketteridge,796 Sugar Parkway,698-454-5512
884,Pixoboo,Alejandra Stickney,95 Waubesa Alley,595-835-0753
885,Meejo,Bette-ann Kenington,84 Corscot Terrace,381-148-4293
886,Edgeblab,Jason Davy,178 Union Alley,935-757-5185
887,Vitz,Sarina Glencrosche,38579 Mandrake Way,386-100-4990
888,Centimia,Ellwood Lamport,11967 Drewry Circle,872-964-4990
889,Bubblebox,Barde Attack,731 Russell Crossing,631-420-1330
890,InnoZ,Analiese Desaur,428 Oak Valley Avenue,627-419-9392
891,Twitterbeat,Abner Stobbe,46 Farragut Street,414-769-2946
892,Oyoyo,Killy O'Hanley,08369 Colorado Junction,643-516-0301
893,Twitterbridge,Owen Bruni,7 Kipling Place,126-785-2352
894,Oozz,Lamar Heineken,34984 Prentice Avenue,352-506-2388
895,Buzzdog,Kathe Mackett,2 Buhler Way,424-393-6209
896,Yotz,Delainey Woolfall,7 Mayfield Plaza,596-503-2711
897,Babbleopia,Corena Luckwell,96253 Novick Crossing,109-588-0405
898,Photobug,Gisela Osman,52 Heath Place,752-685-0954
899,Browsedrive,Stephanie Grimm,31115 Dapin Drive,550-931-0745
900,Tagchat,Livia Mathis,83 Shasta Alley,359-969-1940
901,Voomm,Melli Bottjer,7 Grim Place,546-980-1870
902,Midel,Pietra Ardley,7 Chinook Parkway,321-767-7285
903,Feedbug,Dolores McNamara,1 Eastlawn Trail,517-406-8823
904,Oyonder,Thurstan Jozefowicz,559 Prairieview Junction,790-611-7898
905,Chatterbridge,Whittaker MacDermot,10 Holy Cross Junction,431-675-9724
906,Meevee,Peder Chaffyn,6402 Stuart Circle,545-633-8208
907,Lajo,Donny Fobidge,059 Farwell Hill,390-330-1283
908,Skipfire,Davidson Deavin,69 Anderson Drive,174-365-4607
909,Pixoboo,Suzi Macbeth,772 Kenwood Parkway,856-832-5169
910,Cogilith,Lane Possel,229 Thackeray Pass,488-939-1825
911,Meejo,Kaja Elderkin,4 Del Mar Park,470-783-4024
912,Thoughtworks,Emmalynn Soppit,1 Butterfield Way,622-979-9410
913,Divanoodle,Archibold Lawful,49 American Terrace,229-118-4340
914,Wordtune,Harlene McMearty,5167 Summerview Drive,174-148-5222
915,Realpoint,Pegeen Eby,2 Farwell Alley,111-595-5773
916,Photolist,Dody Janoch,16 Autumn Leaf Way,230-795-2945
917,Kimia,Flora Houlahan,1 Logan Point,398-927-0560
918,Agimba,Chad Osipov,08246 Red Cloud Circle,760-931-6655
919,Twimbo,Marven Vickar,6 West Place,249-143-2234
920,Chatterpoint,Nevil Ashfield,5831 Texas Court,932-642-8524
921,Skiptube,Emmit Wong,061 Homewood Circle,392-203-3746
922,Topicstorm,Lorilyn Redgrove,6122 Kings Point,422-809-6280
923,Vimbo,Del Sofe,547 Saint Paul Plaza,833-977-7973
924,Skalith,Chelsey Blayd,76 Washington Park,360-528-6655
925,Dabjam,Byrann Omrod,68 Dakota Parkway,612-699-4016
926,Skipfire,Imojean Sandaver,5 Badeau Place,179-996-8371
927,Fivespan,Goober Sauven,8 Barby Pass,643-722-8554
928,Feedspan,Fleur Pretorius,2 Bashford Alley,615-902-0980
929,Realcube,Nickola Heales,8035 South Trail,861-351-6020
930,Blognation,Enid Merlin,203 Towne Trail,467-868-8530
931,Brainsphere,Mellie de Verson,60598 Mandrake Way,946-614-1215
932,Fadeo,Galven Ewen,264 Commercial Junction,118-794-6071
933,Ainyx,Callean Coppin,55 Tennyson Plaza,759-333-3015
934,Eabox,Josiah Coad,79492 Blaine Crossing,990-310-4990
935,Topicblab,Ugo Capelow,126 Jay Crossing,139-609-8740
936,Wordify,Ramona Ahrenius,69 Springs Junction,204-239-8554
937,Jayo,Marabel Geck,96 Arkansas Trail,895-295-7541
938,Tagtune,Hunt Lovick,7 Southridge Court,589-485-1994
939,Cogilith,Quinton Keelan,13821 Shoshone Drive,502-349-8795
940,Talane,Claribel Sendley,038 Mallory Court,783-431-3975
941,Photobug,Jeremie Kleisle,54 Bunker Hill Alley,194-438-9889
942,Dabjam,Willy Wartonby,33 Oak Place,229-468-6404
943,Gabtune,Archambault Mordecai,3 Columbus Parkway,901-913-3879
944,Photojam,Zelig Confait,2819 Laurel Circle,587-651-6459
945,Topicstorm,Eleonore Elverston,22392 Mccormick Circle,609-638-1996
946,Dynabox,Dael Arlet,85 Larry Trail,693-698-1191
947,Kwinu,Sascha Weitzel,23443 Texas Avenue,124-225-6740
948,Zoovu,Dulci McCrone,21723 Fair Oaks Circle,356-159-4064
949,Topicware,Heath Mortell,66 Warrior Court,951-537-7533
950,Gabcube,Boone Fildery,9 Heffernan Trail,674-982-4591
951,Jayo,Stearne Felderer,7 Jenna Trail,245-498-0697
952,Meedoo,Zebedee O'Doghesty,5 Ilene Street,547-423-9010
953,Wordtune,Myra Berston,8 Sycamore Park,800-122-6046
954,Gigashots,Marge Udy,2 Summit Street,700-627-7026
955,Brainverse,Cleve McVanamy,3 New Castle Terrace,519-483-7956
956,Photojam,Janice Louca,04 Del Sol Way,302-591-7430
957,Skibox,Terry Lampen,124 Randy Lane,883-275-1860
958,Edgeblab,Niki Zeal,796 Surrey Alley,506-471-2644
959,Photobug,Stavros Monteath,5415 Butternut Avenue,312-155-2583
960,Wikido,Consalve McNeely,63046 Harbort Park,836-403-0053
961,Topicblab,Christos Callery,131 School Alley,544-284-5439
962,Gigazoom,Jermaine Jaouen,42085 Algoma Street,128-286-7411
963,Aimbo,Karole Postlewhite,402 Reinke Pass,593-611-4464
964,Flipopia,Maurine Wentworth,30820 Montana Junction,527-440-3967
965,Skippad,Katleen Roke,12660 Charing Cross Point,821-242-4583
966,Skibox,Vittoria Wansbury,228 Eastlawn Plaza,209-801-7832
967,Skyba,Nehemiah Wyndham,2038 Thompson Avenue,385-761-5322
968,Youbridge,Tuck Stivey,07 Everett Lane,780-621-9250
969,Oyoloo,Edgardo Sedgemore,330 Green Ridge Trail,184-290-3168
970,Yoveo,Idette Redihalgh,17 Linden Road,765-724-0391
971,Wordtune,Brendis Cromer,2 Hayes Park,310-529-0022
972,Thoughtbeat,Ryley Hasley,98970 Basil Lane,391-916-9543
973,Oyoba,Devin De Filippo,168 Manitowish Junction,883-837-9512
974,Podcat,Rossie Lequeux,03667 Dawn Terrace,874-486-3345
975,Skiptube,Dyann Trulock,6 Scofield Circle,270-538-1552
976,Jabbersphere,Em Paulich,9 Acker Trail,823-282-9004
977,Babbleset,Rudd Sommerfeld,25787 Brentwood Park,774-121-7431
978,Edgepulse,Abramo Astill,0436 Crest Line Lane,424-644-7101
979,Fiveclub,Kaia Montez,23 Charing Cross Trail,416-331-6012
980,Skippad,Paulie Kobisch,436 Leroy Trail,315-276-8219
981,Avamm,Eddie Harefoot,122 Buhler Trail,371-264-0821
982,Bluejam,Dacy Rubertelli,6 Everett Trail,337-940-6329
983,Yakitri,Alexi Hylton,4 Grayhawk Court,777-146-2215
984,Yamia,Kienan Charge,687 Arizona Crossing,759-103-1896
985,Feedfire,Olin Josowitz,4924 Clyde Gallagher Way,631-762-9973
986,Youopia,Teodora Caisley,859 Lawn Drive,620-961-8831
987,Kamba,Morganica Sutherland,052 Mayfield Circle,401-227-1745
988,Quaxo,Lemar Huckabe,3 Stoughton Drive,763-217-8843
989,Thoughtblab,Helaina Oehme,28664 Mallory Alley,810-716-3087
990,Skyndu,Haskel Chaytor,4420 Bunker Hill Alley,886-353-6237
991,Edgewire,Erica Lenihan,9 Twin Pines Circle,929-721-7501
992,Dabshots,Horten Snailham,855 Schmedeman Plaza,795-473-1161
993,Skajo,Alejandro Lockitt,85 Mcguire Junction,947-531-6205
994,Fliptune,Harrietta Andor,1 Eagle Crest Terrace,181-327-9731
995,Yozio,Jere Sallery,832 Grover Crossing,805-271-2967
996,Fadeo,Gibbie Belloch,7018 Vernon Parkway,508-860-0151
997,Talane,Stefania Haldin,48 Rowland Trail,758-265-9699
998,Viva,Rey Porson,062 Summerview Trail,651-962-5769
999,Flashset,Flemming Pagan,0 Magdeline Crossing,724-557-1778
1000,Livetube,Amye Ruffles,876 Sugar Trail,803-152-8697
