Payment ID,Payment Date,Amount,Payment Method,Order ID
1,7/5/2023,,E-Wallet,1
2,6/10/2023,,Google Pay,2
3,9/2/2023,,Apple Pay,3
4,3/18/2023,,Debit Card,4
5,3/15/2023,,E-Wallet,5
6,10/26/2023,,Credit Card,6
7,1/3/2023,,Google Pay,7
8,6/27/2023,,Google Pay,8
9,2/13/2023,,Apple Pay,9
10,9/11/2023,,Debit Card,10
11,3/9/2023,,Pay Pal,11
12,6/16/2023,,Apple Pay,12
13,8/5/2023,,E-Wallet,13
14,8/17/2023,,Google Pay,14
15,1/8/2023,,E-Wallet,15
16,6/24/2023,,Debit Card,16
17,5/19/2023,,Apple Pay,17
18,9/14/2023,,Google Pay,18
19,11/14/2022,,Debit Card,19
20,10/21/2023,,Credit Card,20
21,8/17/2023,,Credit Card,21
22,9/15/2023,,Pay Pal,22
23,7/26/2023,,Pay Pal,23
24,11/26/2022,,Apple Pay,24
25,9/13/2023,,Google Pay,25
26,2/28/2023,,E-Wallet,26
27,8/3/2023,,Google Pay,27
28,4/25/2023,,Google Pay,28
29,3/20/2023,,Google Pay,29
30,12/10/2022,,E-Wallet,30
31,8/25/2023,,E-Wallet,31
32,3/30/2023,,Google Pay,32
33,8/26/2023,,Apple Pay,33
34,8/3/2023,,Apple Pay,34
35,8/22/2023,,Cash,35
36,7/14/2023,,Cash,36
37,1/24/2023,,Debit Card,37
38,9/18/2023,,Pay Pal,38
39,7/6/2023,,Credit Card,39
40,5/21/2023,,Credit Card,40
41,4/28/2023,,Google Pay,41
42,3/12/2023,,Cash,42
43,9/20/2023,,E-Wallet,43
44,4/28/2023,,Debit Card,44
45,12/11/2022,,Pay Pal,45
46,10/2/2023,,Cash,46
47,8/30/2023,,Debit Card,47
48,6/23/2023,,Cash,48
49,7/25/2023,,Apple Pay,49
50,1/12/2023,,Credit Card,50
51,12/19/2022,,Google Pay,51
52,8/31/2023,,Apple Pay,52
53,8/3/2023,,Pay Pal,53
54,4/25/2023,,Credit Card,54
55,2/2/2023,,Pay Pal,55
56,12/14/2022,,Google Pay,56
57,8/1/2023,,Credit Card,57
58,12/3/2022,,Debit Card,58
59,12/2/2022,,Google Pay,59
60,7/17/2023,,Google Pay,60
61,9/8/2023,,Credit Card,61
62,6/24/2023,,Apple Pay,62
63,6/11/2023,,Debit Card,63
64,1/23/2023,,Pay Pal,64
65,5/5/2023,,Apple Pay,65
66,4/16/2023,,Apple Pay,66
67,5/2/2023,,Cash,67
68,7/4/2023,,Cash,68
69,3/16/2023,,Debit Card,69
70,11/29/2022,,Credit Card,70
71,2/5/2023,,Pay Pal,71
72,6/6/2023,,Debit Card,72
73,5/29/2023,,Debit Card,73
74,4/20/2023,,Credit Card,74
75,2/28/2023,,Cash,75
76,4/1/2023,,Credit Card,76
77,12/12/2022,,Debit Card,77
78,12/14/2022,,Apple Pay,78
79,10/9/2023,,Cash,79
80,3/2/2023,,Google Pay,80
81,5/28/2023,,Debit Card,81
82,8/6/2023,,Google Pay,82
83,10/15/2023,,Pay Pal,83
84,3/11/2023,,Pay Pal,84
85,8/24/2023,,E-Wallet,85
86,5/12/2023,,Google Pay,86
87,2/7/2023,,Pay Pal,87
88,1/3/2023,,Pay Pal,88
89,2/16/2023,,Google Pay,89
90,1/12/2023,,Pay Pal,90
91,6/27/2023,,Credit Card,91
92,11/1/2022,,Cash,92
93,7/4/2023,,Credit Card,93
94,9/28/2023,,E-Wallet,94
95,1/23/2023,,Credit Card,95
96,6/29/2023,,Apple Pay,96
97,5/26/2023,,Debit Card,97
98,8/15/2023,,Pay Pal,98
99,4/16/2023,,Cash,99
100,3/14/2023,,Apple Pay,100
101,10/26/2023,,Apple Pay,101
102,9/28/2023,,E-Wallet,102
103,4/27/2023,,Pay Pal,103
104,8/3/2023,,Credit Card,104
105,12/19/2022,,Apple Pay,105
106,9/30/2023,,Pay Pal,106
107,4/28/2023,,Debit Card,107
108,4/25/2023,,Pay Pal,108
109,6/29/2023,,Apple Pay,109
110,12/28/2022,,Credit Card,110
111,10/12/2023,,Debit Card,111
112,8/11/2023,,Debit Card,112
113,3/8/2023,,Debit Card,113
114,2/3/2023,,Credit Card,114
115,10/27/2023,,Google Pay,115
116,6/12/2023,,Credit Card,116
117,5/19/2023,,Cash,117
118,4/6/2023,,Credit Card,118
119,5/8/2023,,Credit Card,119
120,9/19/2023,,Debit Card,120
121,8/17/2023,,Apple Pay,121
122,10/5/2023,,E-Wallet,122
123,4/19/2023,,Debit Card,123
124,6/3/2023,,Credit Card,124
125,3/13/2023,,E-Wallet,125
126,2/12/2023,,E-Wallet,126
127,8/4/2023,,Credit Card,127
128,4/4/2023,,Pay Pal,128
129,12/3/2022,,Cash,129
130,10/21/2023,,Pay Pal,130
131,4/16/2023,,Debit Card,131
132,8/2/2023,,Debit Card,132
133,1/8/2023,,Pay Pal,133
134,5/28/2023,,E-Wallet,134
135,5/17/2023,,Debit Card,135
136,3/1/2023,,Cash,136
137,10/6/2023,,Cash,137
138,1/31/2023,,Google Pay,138
139,6/13/2023,,Cash,139
140,9/22/2023,,E-Wallet,140
141,11/24/2022,,Google Pay,141
142,8/13/2023,,Credit Card,142
143,7/21/2023,,Pay Pal,143
144,12/14/2022,,Debit Card,144
145,10/30/2022,,Apple Pay,145
146,4/18/2023,,Pay Pal,146
147,2/8/2023,,Google Pay,147
148,8/31/2023,,Cash,148
149,8/3/2023,,E-Wallet,149
150,8/6/2023,,Apple Pay,150
151,8/31/2023,,Pay Pal,151
152,9/6/2023,,Cash,152
153,2/13/2023,,Debit Card,153
154,1/1/2023,,Debit Card,154
155,4/24/2023,,E-Wallet,155
156,2/25/2023,,Cash,156
157,12/29/2022,,Credit Card,157
158,1/19/2023,,Pay Pal,158
159,10/26/2023,,Pay Pal,159
160,10/30/2022,,Pay Pal,160
161,10/6/2023,,E-Wallet,161
162,4/12/2023,,Google Pay,162
163,1/4/2023,,E-Wallet,163
164,3/3/2023,,Debit Card,164
165,3/29/2023,,Google Pay,165
166,8/23/2023,,Google Pay,166
167,3/30/2023,,Credit Card,167
168,10/10/2023,,Debit Card,168
169,11/11/2022,,Google Pay,169
170,8/11/2023,,Pay Pal,170
171,11/20/2022,,Debit Card,171
172,4/30/2023,,Google Pay,172
173,6/15/2023,,Cash,173
174,9/4/2023,,Debit Card,174
175,2/18/2023,,Debit Card,175
176,5/6/2023,,E-Wallet,176
177,9/10/2023,,Google Pay,177
178,6/11/2023,,Debit Card,178
179,5/1/2023,,E-Wallet,179
180,5/30/2023,,Apple Pay,180
181,12/24/2022,,Apple Pay,181
182,3/5/2023,,Cash,182
183,8/3/2023,,Apple Pay,183
184,3/19/2023,,E-Wallet,184
185,1/30/2023,,Pay Pal,185
186,1/7/2023,,Debit Card,186
187,10/22/2023,,Google Pay,187
188,4/1/2023,,Apple Pay,188
189,9/20/2023,,Cash,189
190,12/16/2022,,Debit Card,190
191,5/28/2023,,Cash,191
192,2/18/2023,,Apple Pay,192
193,10/6/2023,,Apple Pay,193
194,10/16/2023,,Pay Pal,194
195,12/29/2022,,Debit Card,195
196,6/12/2023,,E-Wallet,196
197,10/2/2023,,Apple Pay,197
198,4/4/2023,,Debit Card,198
199,4/26/2023,,Cash,199
200,1/18/2023,,Google Pay,200
201,5/17/2023,,Credit Card,201
202,3/26/2023,,Credit Card,202
203,4/11/2023,,Credit Card,203
204,12/13/2022,,E-Wallet,204
205,8/13/2023,,Credit Card,205
206,3/25/2023,,Credit Card,206
207,10/8/2023,,Credit Card,207
208,9/2/2023,,E-Wallet,208
209,2/6/2023,,E-Wallet,209
210,4/30/2023,,Credit Card,210
211,4/17/2023,,E-Wallet,211
212,12/14/2022,,Google Pay,212
213,5/25/2023,,Credit Card,213
214,5/20/2023,,Google Pay,214
215,3/25/2023,,Debit Card,215
216,8/28/2023,,Pay Pal,216
217,6/28/2023,,Credit Card,217
218,8/28/2023,,Google Pay,218
219,5/9/2023,,Pay Pal,219
220,4/8/2023,,Cash,220
221,1/10/2023,,E-Wallet,221
222,1/24/2023,,Google Pay,222
223,5/20/2023,,Google Pay,223
224,4/29/2023,,Apple Pay,224
225,11/28/2022,,Debit Card,225
226,11/17/2022,,E-Wallet,226
227,4/4/2023,,Cash,227
228,11/13/2022,,Cash,228
229,1/12/2023,,Credit Card,229
230,4/30/2023,,Pay Pal,230
231,3/14/2023,,Google Pay,231
232,10/8/2023,,Debit Card,232
233,6/25/2023,,Pay Pal,233
234,2/25/2023,,Debit Card,234
235,1/9/2023,,Cash,235
236,7/13/2023,,Credit Card,236
237,11/23/2022,,Apple Pay,237
238,5/7/2023,,Google Pay,238
239,8/27/2023,,Apple Pay,239
240,10/15/2023,,Credit Card,240
241,11/21/2022,,Pay Pal,241
242,10/31/2022,,Google Pay,242
243,12/25/2022,,Cash,243
244,6/10/2023,,Cash,244
245,4/10/2023,,Google Pay,245
246,9/18/2023,,Google Pay,246
247,8/9/2023,,Apple Pay,247
248,1/28/2023,,Debit Card,248
249,1/23/2023,,Google Pay,249
250,6/15/2023,,Credit Card,250
251,5/30/2023,,Pay Pal,251
252,12/21/2022,,Cash,252
253,9/19/2023,,Credit Card,253
254,7/29/2023,,Pay Pal,254
255,5/21/2023,,E-Wallet,255
256,2/20/2023,,Credit Card,256
257,4/30/2023,,Pay Pal,257
258,10/8/2023,,Pay Pal,258
259,5/19/2023,,Credit Card,259
260,9/19/2023,,Apple Pay,260
261,7/17/2023,,Google Pay,261
262,2/8/2023,,Pay Pal,262
263,1/23/2023,,Credit Card,263
264,4/21/2023,,Google Pay,264
265,11/20/2022,,Pay Pal,265
266,2/13/2023,,Debit Card,266
267,8/15/2023,,E-Wallet,267
268,12/3/2022,,Credit Card,268
269,9/29/2023,,Cash,269
270,1/24/2023,,Credit Card,270
271,6/19/2023,,Credit Card,271
272,10/30/2022,,Pay Pal,272
273,1/20/2023,,Cash,273
274,4/25/2023,,Debit Card,274
275,3/24/2023,,Debit Card,275
276,5/5/2023,,Credit Card,276
277,5/7/2023,,Credit Card,277
278,2/15/2023,,Credit Card,278
279,9/26/2023,,Google Pay,279
280,5/16/2023,,Google Pay,280
281,5/2/2023,,Cash,281
282,5/2/2023,,Apple Pay,282
283,11/28/2022,,Debit Card,283
284,11/11/2022,,Cash,284
285,9/24/2023,,Apple Pay,285
286,9/29/2023,,Apple Pay,286
287,7/6/2023,,Apple Pay,287
288,1/1/2023,,Cash,288
289,9/13/2023,,Debit Card,289
290,11/13/2022,,Pay Pal,290
291,9/28/2023,,Cash,291
292,4/10/2023,,Debit Card,292
293,2/14/2023,,Debit Card,293
294,4/5/2023,,Pay Pal,294
295,1/1/2023,,Google Pay,295
296,1/31/2023,,Cash,296
297,6/2/2023,,Apple Pay,297
298,8/19/2023,,Credit Card,298
299,12/8/2022,,E-Wallet,299
300,2/20/2023,,Apple Pay,300
301,7/10/2023,,Cash,301
302,10/19/2023,,E-Wallet,302
303,6/30/2023,,Cash,303
304,8/18/2023,,Credit Card,304
305,5/12/2023,,Pay Pal,305
306,10/24/2023,,Cash,306
307,7/2/2023,,Credit Card,307
308,12/1/2022,,Cash,308
309,12/17/2022,,Credit Card,309
310,1/19/2023,,Credit Card,310
311,1/28/2023,,Pay Pal,311
312,8/26/2023,,Pay Pal,312
313,2/5/2023,,Google Pay,313
314,2/3/2023,,Cash,314
315,8/30/2023,,Debit Card,315
316,5/4/2023,,Debit Card,316
317,8/15/2023,,Debit Card,317
318,12/13/2022,,Apple Pay,318
319,8/30/2023,,Apple Pay,319
320,4/4/2023,,Pay Pal,320
321,8/28/2023,,E-Wallet,321
322,7/20/2023,,Debit Card,322
323,6/13/2023,,Credit Card,323
324,6/9/2023,,Cash,324
325,4/15/2023,,Cash,325
326,6/25/2023,,Debit Card,326
327,5/26/2023,,Debit Card,327
328,2/28/2023,,Google Pay,328
329,8/21/2023,,Apple Pay,329
330,2/2/2023,,Google Pay,330
331,9/12/2023,,E-Wallet,331
332,11/5/2022,,Credit Card,332
333,10/28/2023,,Apple Pay,333
334,6/1/2023,,Apple Pay,334
335,12/23/2022,,Apple Pay,335
336,4/3/2023,,Cash,336
337,12/28/2022,,Google Pay,337
338,8/13/2023,,Apple Pay,338
339,12/6/2022,,Credit Card,339
340,4/4/2023,,Credit Card,340
341,2/17/2023,,Google Pay,341
342,6/18/2023,,Debit Card,342
343,1/9/2023,,Google Pay,343
344,1/17/2023,,Apple Pay,344
345,7/3/2023,,Debit Card,345
346,11/7/2022,,Apple Pay,346
347,1/28/2023,,E-Wallet,347
348,6/7/2023,,Cash,348
349,11/29/2022,,Google Pay,349
350,3/4/2023,,Pay Pal,350
351,6/30/2023,,E-Wallet,351
352,10/10/2023,,Pay Pal,352
353,2/8/2023,,Debit Card,353
354,9/12/2023,,Google Pay,354
355,12/27/2022,,Google Pay,355
356,4/18/2023,,Cash,356
357,5/1/2023,,Apple Pay,357
358,4/17/2023,,E-Wallet,358
359,7/7/2023,,Credit Card,359
360,9/23/2023,,Apple Pay,360
361,4/5/2023,,Debit Card,361
362,11/20/2022,,Cash,362
363,12/29/2022,,Credit Card,363
364,12/9/2022,,E-Wallet,364
365,3/21/2023,,Credit Card,365
366,9/26/2023,,E-Wallet,366
367,11/28/2022,,Pay Pal,367
368,2/21/2023,,Apple Pay,368
369,11/20/2022,,Apple Pay,369
370,1/17/2023,,Google Pay,370
371,2/22/2023,,Debit Card,371
372,9/17/2023,,Pay Pal,372
373,5/22/2023,,Apple Pay,373
374,12/30/2022,,Debit Card,374
375,7/27/2023,,Credit Card,375
376,10/15/2023,,Debit Card,376
377,1/16/2023,,Debit Card,377
378,5/19/2023,,Credit Card,378
379,10/16/2023,,E-Wallet,379
380,9/8/2023,,Cash,380
381,4/1/2023,,Google Pay,381
382,12/25/2022,,Google Pay,382
383,2/16/2023,,Cash,383
384,1/8/2023,,Pay Pal,384
385,2/20/2023,,Pay Pal,385
386,8/7/2023,,Apple Pay,386
387,1/16/2023,,Pay Pal,387
388,12/14/2022,,E-Wallet,388
389,11/22/2022,,Apple Pay,389
390,7/17/2023,,Apple Pay,390
391,10/22/2023,,E-Wallet,391
392,5/29/2023,,Debit Card,392
393,9/23/2023,,E-Wallet,393
394,9/11/2023,,Pay Pal,394
395,9/9/2023,,Google Pay,395
396,2/17/2023,,Credit Card,396
397,1/20/2023,,Apple Pay,397
398,11/2/2022,,Debit Card,398
399,9/11/2023,,Apple Pay,399
400,1/18/2023,,Pay Pal,400
401,1/25/2023,,Apple Pay,401
402,8/11/2023,,Cash,402
403,3/25/2023,,Apple Pay,403
404,4/16/2023,,Pay Pal,404
405,11/13/2022,,Apple Pay,405
406,7/13/2023,,Pay Pal,406
407,5/13/2023,,Debit Card,407
408,3/16/2023,,Apple Pay,408
409,6/6/2023,,Cash,409
410,10/21/2023,,Credit Card,410
411,5/23/2023,,Debit Card,411
412,4/4/2023,,Debit Card,412
413,12/25/2022,,Pay Pal,413
414,3/22/2023,,Apple Pay,414
415,11/8/2022,,Debit Card,415
416,5/16/2023,,Debit Card,416
417,6/23/2023,,Cash,417
418,6/3/2023,,Pay Pal,418
419,1/14/2023,,Google Pay,419
420,8/20/2023,,Google Pay,420
421,6/19/2023,,Apple Pay,421
422,12/15/2022,,Debit Card,422
423,7/11/2023,,Cash,423
424,12/11/2022,,Pay Pal,424
425,5/21/2023,,Apple Pay,425
426,8/24/2023,,Pay Pal,426
427,3/25/2023,,E-Wallet,427
428,1/19/2023,,Cash,428
429,11/18/2022,,Debit Card,429
430,10/19/2023,,Apple Pay,430
431,7/6/2023,,E-Wallet,431
432,8/13/2023,,Pay Pal,432
433,8/5/2023,,Apple Pay,433
434,1/15/2023,,Cash,434
435,2/25/2023,,Debit Card,435
436,4/28/2023,,E-Wallet,436
437,4/23/2023,,Debit Card,437
438,6/7/2023,,E-Wallet,438
439,1/8/2023,,Cash,439
440,5/2/2023,,Google Pay,440
441,3/14/2023,,Google Pay,441
442,1/13/2023,,Google Pay,442
443,12/30/2022,,E-Wallet,443
444,3/22/2023,,Apple Pay,444
445,3/21/2023,,Cash,445
446,4/4/2023,,E-Wallet,446
447,8/1/2023,,E-Wallet,447
448,2/17/2023,,Apple Pay,448
449,2/28/2023,,Pay Pal,449
450,3/8/2023,,E-Wallet,450
451,3/29/2023,,E-Wallet,451
452,11/3/2022,,Apple Pay,452
453,11/7/2022,,Apple Pay,453
454,7/7/2023,,Google Pay,454
455,7/15/2023,,E-Wallet,455
456,4/11/2023,,Google Pay,456
457,11/4/2022,,Pay Pal,457
458,5/22/2023,,Cash,458
459,8/18/2023,,E-Wallet,459
460,2/20/2023,,Pay Pal,460
461,4/7/2023,,Google Pay,461
462,9/29/2023,,Apple Pay,462
463,3/7/2023,,Google Pay,463
464,9/8/2023,,E-Wallet,464
465,7/7/2023,,Credit Card,465
466,12/4/2022,,Debit Card,466
467,8/9/2023,,Pay Pal,467
468,4/12/2023,,Debit Card,468
469,4/23/2023,,Credit Card,469
470,9/22/2023,,E-Wallet,470
471,2/16/2023,,Pay Pal,471
472,6/24/2023,,E-Wallet,472
473,11/14/2022,,E-Wallet,473
474,8/27/2023,,Debit Card,474
475,11/29/2022,,Pay Pal,475
476,11/29/2022,,Debit Card,476
477,7/29/2023,,Apple Pay,477
478,5/29/2023,,Google Pay,478
479,11/13/2022,,Debit Card,479
480,1/10/2023,,Credit Card,480
481,7/20/2023,,Credit Card,481
482,1/13/2023,,E-Wallet,482
483,10/17/2023,,E-Wallet,483
484,2/15/2023,,Apple Pay,484
485,5/7/2023,,Apple Pay,485
486,9/6/2023,,Debit Card,486
487,7/5/2023,,Credit Card,487
488,12/18/2022,,Cash,488
489,4/1/2023,,Credit Card,489
490,1/21/2023,,Credit Card,490
491,4/20/2023,,E-Wallet,491
492,9/24/2023,,Google Pay,492
493,11/7/2022,,Credit Card,493
494,10/28/2023,,Cash,494
495,2/24/2023,,Credit Card,495
496,2/3/2023,,Pay Pal,496
497,4/25/2023,,Apple Pay,497
498,12/13/2022,,Google Pay,498
499,4/19/2023,,Cash,499
500,5/7/2023,,Debit Card,500
501,10/25/2023,,E-Wallet,501
502,5/17/2023,,E-Wallet,502
503,4/10/2023,,Google Pay,503
504,8/20/2023,,Debit Card,504
505,6/7/2023,,Cash,505
506,8/2/2023,,Pay Pal,506
507,10/6/2023,,Debit Card,507
508,12/28/2022,,Pay Pal,508
509,12/3/2022,,Google Pay,509
510,8/27/2023,,E-Wallet,510
511,4/30/2023,,Debit Card,511
512,5/7/2023,,Debit Card,512
513,12/12/2022,,Debit Card,513
514,2/8/2023,,E-Wallet,514
515,11/27/2022,,Google Pay,515
516,9/29/2023,,Google Pay,516
517,7/6/2023,,Credit Card,517
518,11/27/2022,,Google Pay,518
519,3/28/2023,,Pay Pal,519
520,12/27/2022,,Apple Pay,520
521,6/15/2023,,Debit Card,521
522,10/21/2023,,Debit Card,522
523,11/26/2022,,Apple Pay,523
524,8/15/2023,,E-Wallet,524
525,5/1/2023,,Pay Pal,525
526,12/9/2022,,Debit Card,526
527,5/9/2023,,Apple Pay,527
528,12/8/2022,,Cash,528
529,10/8/2023,,Cash,529
530,4/5/2023,,E-Wallet,530
531,2/12/2023,,Cash,531
532,6/6/2023,,Debit Card,532
533,6/2/2023,,E-Wallet,533
534,10/4/2023,,Pay Pal,534
535,5/21/2023,,Credit Card,535
536,5/3/2023,,Cash,536
537,8/30/2023,,Pay Pal,537
538,7/14/2023,,Debit Card,538
539,11/8/2022,,E-Wallet,539
540,12/4/2022,,E-Wallet,540
541,3/24/2023,,Cash,541
542,4/27/2023,,Debit Card,542
543,3/25/2023,,Pay Pal,543
544,10/28/2023,,Pay Pal,544
545,10/19/2023,,Debit Card,545
546,1/23/2023,,E-Wallet,546
547,3/27/2023,,E-Wallet,547
548,4/18/2023,,Apple Pay,548
549,5/26/2023,,Debit Card,549
550,4/26/2023,,Cash,550
551,7/28/2023,,Apple Pay,551
552,8/18/2023,,Credit Card,552
553,6/29/2023,,Cash,553
554,12/23/2022,,Pay Pal,554
555,7/14/2023,,Debit Card,555
556,9/10/2023,,Google Pay,556
557,1/22/2023,,Pay Pal,557
558,5/27/2023,,E-Wallet,558
559,6/2/2023,,Credit Card,559
560,1/1/2023,,Cash,560
561,10/1/2023,,Google Pay,561
562,1/30/2023,,Google Pay,562
563,7/22/2023,,Pay Pal,563
564,2/2/2023,,Debit Card,564
565,10/13/2023,,Debit Card,565
566,12/20/2022,,E-Wallet,566
567,6/29/2023,,Pay Pal,567
568,10/17/2023,,Apple Pay,568
569,6/15/2023,,Cash,569
570,7/4/2023,,E-Wallet,570
571,9/28/2023,,Credit Card,571
572,4/20/2023,,Apple Pay,572
573,12/30/2022,,Cash,573
574,1/28/2023,,Pay Pal,574
575,8/30/2023,,Debit Card,575
576,11/3/2022,,Pay Pal,576
577,1/18/2023,,Pay Pal,577
578,12/14/2022,,Google Pay,578
579,1/10/2023,,Google Pay,579
580,12/9/2022,,Cash,580
581,10/29/2023,,Debit Card,581
582,2/14/2023,,Apple Pay,582
583,8/31/2023,,Cash,583
584,12/11/2022,,Credit Card,584
585,6/5/2023,,Apple Pay,585
586,9/27/2023,,Google Pay,586
587,8/21/2023,,E-Wallet,587
588,4/23/2023,,E-Wallet,588
589,10/14/2023,,Credit Card,589
590,4/9/2023,,Debit Card,590
591,1/13/2023,,Google Pay,591
592,9/22/2023,,Cash,592
593,11/16/2022,,Apple Pay,593
594,2/21/2023,,Apple Pay,594
595,1/16/2023,,Apple Pay,595
596,3/5/2023,,Apple Pay,596
597,3/6/2023,,Debit Card,597
598,9/5/2023,,Cash,598
599,6/15/2023,,Pay Pal,599
600,4/19/2023,,Credit Card,600
601,2/22/2023,,Credit Card,601
602,6/24/2023,,E-Wallet,602
603,5/12/2023,,Cash,603
604,12/1/2022,,Apple Pay,604
605,1/22/2023,,Apple Pay,605
606,11/6/2022,,Cash,606
607,6/26/2023,,Google Pay,607
608,2/19/2023,,Apple Pay,608
609,1/12/2023,,Cash,609
610,10/19/2023,,Credit Card,610
611,5/6/2023,,Cash,611
612,3/29/2023,,Google Pay,612
613,11/16/2022,,Google Pay,613
614,1/3/2023,,Credit Card,614
615,5/25/2023,,Google Pay,615
616,4/1/2023,,Google Pay,616
617,4/9/2023,,E-Wallet,617
618,1/11/2023,,Apple Pay,618
619,5/14/2023,,Pay Pal,619
620,1/30/2023,,Pay Pal,620
621,5/4/2023,,Debit Card,621
622,7/14/2023,,Apple Pay,622
623,7/29/2023,,Cash,623
624,3/12/2023,,Apple Pay,624
625,5/4/2023,,Credit Card,625
626,2/17/2023,,Apple Pay,626
627,9/14/2023,,Apple Pay,627
628,12/17/2022,,Pay Pal,628
629,6/6/2023,,Cash,629
630,2/25/2023,,Cash,630
631,6/16/2023,,E-Wallet,631
632,6/27/2023,,E-Wallet,632
633,11/24/2022,,Pay Pal,633
634,11/6/2022,,Credit Card,634
635,7/10/2023,,E-Wallet,635
636,2/27/2023,,Credit Card,636
637,6/30/2023,,E-Wallet,637
638,5/27/2023,,Cash,638
639,11/20/2022,,Credit Card,639
640,7/2/2023,,Pay Pal,640
641,5/19/2023,,Credit Card,641
642,8/22/2023,,Credit Card,642
643,5/31/2023,,Debit Card,643
644,8/9/2023,,Cash,644
645,9/7/2023,,Google Pay,645
646,2/6/2023,,Google Pay,646
647,6/2/2023,,Credit Card,647
648,10/14/2023,,Google Pay,648
649,7/8/2023,,E-Wallet,649
650,12/14/2022,,Pay Pal,650
651,8/3/2023,,Pay Pal,651
652,7/23/2023,,Debit Card,652
653,5/19/2023,,Cash,653
654,9/9/2023,,Debit Card,654
655,2/14/2023,,E-Wallet,655
656,3/20/2023,,Debit Card,656
657,9/27/2023,,Debit Card,657
658,6/12/2023,,Google Pay,658
659,5/23/2023,,Pay Pal,659
660,12/4/2022,,Debit Card,660
661,4/3/2023,,Debit Card,661
662,12/9/2022,,Google Pay,662
663,8/23/2023,,Debit Card,663
664,8/25/2023,,E-Wallet,664
665,12/4/2022,,Apple Pay,665
666,2/21/2023,,Google Pay,666
667,2/24/2023,,Debit Card,667
668,7/27/2023,,E-Wallet,668
669,4/8/2023,,Credit Card,669
670,12/7/2022,,E-Wallet,670
671,2/21/2023,,Cash,671
672,3/14/2023,,Debit Card,672
673,5/20/2023,,Apple Pay,673
674,5/6/2023,,E-Wallet,674
675,4/18/2023,,Debit Card,675
676,7/11/2023,,Credit Card,676
677,1/4/2023,,Cash,677
678,7/5/2023,,Pay Pal,678
679,10/17/2023,,E-Wallet,679
680,5/24/2023,,Debit Card,680
681,7/25/2023,,E-Wallet,681
682,12/11/2022,,Credit Card,682
683,1/24/2023,,Apple Pay,683
684,1/15/2023,,Google Pay,684
685,2/27/2023,,Pay Pal,685
686,7/23/2023,,Debit Card,686
687,5/30/2023,,Google Pay,687
688,4/10/2023,,Credit Card,688
689,9/8/2023,,Debit Card,689
690,2/13/2023,,Debit Card,690
691,6/9/2023,,Apple Pay,691
692,10/2/2023,,Pay Pal,692
693,4/30/2023,,Google Pay,693
694,4/29/2023,,Debit Card,694
695,3/18/2023,,Credit Card,695
696,12/15/2022,,Cash,696
697,1/25/2023,,E-Wallet,697
698,11/4/2022,,Google Pay,698
699,5/16/2023,,Pay Pal,699
700,6/10/2023,,Cash,700
701,1/18/2023,,Debit Card,701
702,1/31/2023,,Debit Card,702
703,4/28/2023,,Debit Card,703
704,1/29/2023,,Debit Card,704
705,10/23/2023,,Apple Pay,705
706,9/19/2023,,Pay Pal,706
707,12/27/2022,,Cash,707
708,3/2/2023,,E-Wallet,708
709,6/5/2023,,Credit Card,709
710,5/1/2023,,Pay Pal,710
711,2/7/2023,,Credit Card,711
712,4/14/2023,,E-Wallet,712
713,6/21/2023,,Apple Pay,713
714,7/20/2023,,Pay Pal,714
715,7/6/2023,,Cash,715
716,1/25/2023,,Google Pay,716
717,3/11/2023,,Apple Pay,717
718,3/26/2023,,Debit Card,718
719,4/1/2023,,E-Wallet,719
720,5/4/2023,,Debit Card,720
721,7/7/2023,,E-Wallet,721
722,12/20/2022,,Apple Pay,722
723,8/3/2023,,Apple Pay,723
724,11/7/2022,,Debit Card,724
725,10/3/2023,,Debit Card,725
726,7/23/2023,,Pay Pal,726
727,2/3/2023,,Debit Card,727
728,2/11/2023,,Debit Card,728
729,7/7/2023,,Pay Pal,729
730,4/25/2023,,Credit Card,730
731,4/3/2023,,Apple Pay,731
732,6/16/2023,,Debit Card,732
733,5/5/2023,,E-Wallet,733
734,5/17/2023,,Credit Card,734
735,2/9/2023,,E-Wallet,735
736,5/22/2023,,Pay Pal,736
737,4/26/2023,,Pay Pal,737
738,9/1/2023,,E-Wallet,738
739,11/17/2022,,E-Wallet,739
740,8/10/2023,,Cash,740
741,6/10/2023,,Debit Card,741
742,3/28/2023,,E-Wallet,742
743,12/25/2022,,Credit Card,743
744,2/19/2023,,E-Wallet,744
745,11/1/2022,,Pay Pal,745
746,7/30/2023,,Pay Pal,746
747,6/17/2023,,Credit Card,747
748,12/5/2022,,Debit Card,748
749,4/15/2023,,Google Pay,749
750,10/22/2023,,Cash,750
751,2/24/2023,,E-Wallet,751
752,10/26/2023,,Google Pay,752
753,2/20/2023,,Pay Pal,753
754,12/29/2022,,Credit Card,754
755,6/8/2023,,Debit Card,755
756,9/29/2023,,Credit Card,756
757,11/1/2022,,E-Wallet,757
758,6/30/2023,,Credit Card,758
759,11/9/2022,,Google Pay,759
760,3/20/2023,,Pay Pal,760
761,2/2/2023,,E-Wallet,761
762,12/9/2022,,Pay Pal,762
763,12/28/2022,,Apple Pay,763
764,2/11/2023,,Google Pay,764
765,12/23/2022,,Cash,765
766,3/16/2023,,Credit Card,766
767,10/18/2023,,Cash,767
768,3/11/2023,,Pay Pal,768
769,9/15/2023,,Google Pay,769
770,7/9/2023,,Google Pay,770
771,4/24/2023,,Debit Card,771
772,1/4/2023,,Credit Card,772
773,6/14/2023,,Apple Pay,773
774,11/10/2022,,Google Pay,774
775,6/2/2023,,Apple Pay,775
776,1/4/2023,,Cash,776
777,7/14/2023,,E-Wallet,777
778,7/8/2023,,E-Wallet,778
779,6/21/2023,,Debit Card,779
780,11/4/2022,,E-Wallet,780
781,6/9/2023,,Pay Pal,781
782,5/4/2023,,Cash,782
783,2/6/2023,,Apple Pay,783
784,6/11/2023,,Credit Card,784
785,6/16/2023,,Google Pay,785
786,10/13/2023,,Pay Pal,786
787,7/22/2023,,Apple Pay,787
788,5/27/2023,,Google Pay,788
789,7/12/2023,,Pay Pal,789
790,8/2/2023,,E-Wallet,790
791,11/10/2022,,Google Pay,791
792,2/18/2023,,Apple Pay,792
793,1/21/2023,,Debit Card,793
794,10/5/2023,,Cash,794
795,7/3/2023,,Debit Card,795
796,8/24/2023,,E-Wallet,796
797,3/16/2023,,E-Wallet,797
798,12/25/2022,,Apple Pay,798
799,3/29/2023,,Pay Pal,799
800,2/3/2023,,Pay Pal,800
801,10/5/2023,,Credit Card,801
802,7/22/2023,,Apple Pay,802
803,4/3/2023,,Google Pay,803
804,11/30/2022,,Cash,804
805,7/13/2023,,E-Wallet,805
806,12/23/2022,,Google Pay,806
807,7/25/2023,,Cash,807
808,5/27/2023,,Pay Pal,808
809,4/3/2023,,Debit Card,809
810,10/23/2023,,E-Wallet,810
811,4/30/2023,,Apple Pay,811
812,5/24/2023,,E-Wallet,812
813,9/17/2023,,E-Wallet,813
814,10/27/2023,,Debit Card,814
815,9/25/2023,,Credit Card,815
816,6/26/2023,,Credit Card,816
817,3/20/2023,,Cash,817
818,2/26/2023,,Pay Pal,818
819,9/9/2023,,Google Pay,819
820,9/8/2023,,Google Pay,820
821,5/30/2023,,E-Wallet,821
822,12/26/2022,,E-Wallet,822
823,2/24/2023,,Pay Pal,823
824,6/11/2023,,Credit Card,824
825,10/12/2023,,Pay Pal,825
826,2/6/2023,,Cash,826
827,11/23/2022,,Google Pay,827
828,7/28/2023,,Pay Pal,828
829,6/2/2023,,Apple Pay,829
830,8/31/2023,,Pay Pal,830
831,9/10/2023,,Google Pay,831
832,5/27/2023,,Debit Card,832
833,10/30/2022,,Apple Pay,833
834,5/4/2023,,Pay Pal,834
835,6/2/2023,,E-Wallet,835
836,9/18/2023,,Debit Card,836
837,7/4/2023,,Google Pay,837
838,11/6/2022,,Pay Pal,838
839,11/15/2022,,Pay Pal,839
840,2/16/2023,,Debit Card,840
841,11/1/2022,,Credit Card,841
842,8/7/2023,,E-Wallet,842
843,5/4/2023,,Apple Pay,843
844,11/4/2022,,Pay Pal,844
845,12/9/2022,,E-Wallet,845
846,1/19/2023,,Credit Card,846
847,5/23/2023,,Cash,847
848,6/11/2023,,Cash,848
849,3/29/2023,,Debit Card,849
850,7/7/2023,,Google Pay,850
851,8/12/2023,,E-Wallet,851
852,11/8/2022,,E-Wallet,852
853,10/11/2023,,Debit Card,853
854,11/24/2022,,E-Wallet,854
855,10/18/2023,,Debit Card,855
856,6/8/2023,,Cash,856
857,1/26/2023,,Credit Card,857
858,4/27/2023,,Debit Card,858
859,5/27/2023,,Pay Pal,859
860,6/22/2023,,E-Wallet,860
861,2/3/2023,,Apple Pay,861
862,3/5/2023,,Debit Card,862
863,11/28/2022,,Debit Card,863
864,12/24/2022,,E-Wallet,864
865,5/24/2023,,Google Pay,865
866,3/11/2023,,Credit Card,866
867,5/20/2023,,Pay Pal,867
868,12/4/2022,,Credit Card,868
869,11/28/2022,,Google Pay,869
870,3/30/2023,,Credit Card,870
871,4/7/2023,,Pay Pal,871
872,1/25/2023,,Pay Pal,872
873,4/15/2023,,Cash,873
874,7/6/2023,,Credit Card,874
875,10/24/2023,,Credit Card,875
876,6/30/2023,,Pay Pal,876
877,1/20/2023,,Pay Pal,877
878,3/19/2023,,Cash,878
879,5/20/2023,,Credit Card,879
880,5/14/2023,,Credit Card,880
881,3/15/2023,,Pay Pal,881
882,12/26/2022,,E-Wallet,882
883,10/17/2023,,Cash,883
884,11/12/2022,,Debit Card,884
885,12/30/2022,,Pay Pal,885
886,9/28/2023,,Credit Card,886
887,5/14/2023,,Pay Pal,887
888,6/9/2023,,Cash,888
889,8/29/2023,,Google Pay,889
890,3/1/2023,,Google Pay,890
891,2/5/2023,,Credit Card,891
892,2/15/2023,,Credit Card,892
893,11/14/2022,,Google Pay,893
894,10/27/2023,,Cash,894
895,1/23/2023,,Credit Card,895
896,9/20/2023,,Apple Pay,896
897,6/27/2023,,Debit Card,897
898,11/23/2022,,Cash,898
899,11/9/2022,,Cash,899
900,5/21/2023,,Credit Card,900
901,3/2/2023,,Apple Pay,901
902,11/3/2022,,Debit Card,902
903,9/19/2023,,Pay Pal,903
904,10/21/2023,,Debit Card,904
905,7/15/2023,,Google Pay,905
906,12/7/2022,,Cash,906
907,6/21/2023,,Pay Pal,907
908,6/29/2023,,Debit Card,908
909,4/13/2023,,Pay Pal,909
910,8/3/2023,,E-Wallet,910
911,3/23/2023,,Apple Pay,911
912,5/28/2023,,Pay Pal,912
913,9/22/2023,,Credit Card,913
914,9/22/2023,,Credit Card,914
915,5/4/2023,,Google Pay,915
916,3/11/2023,,Google Pay,916
917,7/18/2023,,Google Pay,917
918,7/29/2023,,Apple Pay,918
919,7/24/2023,,Pay Pal,919
920,6/26/2023,,Apple Pay,920
921,4/14/2023,,Pay Pal,921
922,6/23/2023,,Credit Card,922
923,12/17/2022,,Pay Pal,923
924,6/24/2023,,Google Pay,924
925,8/20/2023,,Cash,925
926,5/12/2023,,E-Wallet,926
927,9/12/2023,,Apple Pay,927
928,12/28/2022,,Google Pay,928
929,3/19/2023,,Debit Card,929
930,10/21/2023,,Cash,930
931,12/30/2022,,Google Pay,931
932,12/27/2022,,Debit Card,932
933,3/23/2023,,E-Wallet,933
934,9/28/2023,,Google Pay,934
935,1/28/2023,,Credit Card,935
936,1/17/2023,,Apple Pay,936
937,11/29/2022,,Apple Pay,937
938,11/27/2022,,Google Pay,938
939,1/10/2023,,Cash,939
940,8/19/2023,,Pay Pal,940
941,7/12/2023,,Debit Card,941
942,8/13/2023,,Pay Pal,942
943,1/23/2023,,E-Wallet,943
944,8/2/2023,,Cash,944
945,6/23/2023,,Apple Pay,945
946,5/17/2023,,Apple Pay,946
947,6/24/2023,,Credit Card,947
948,11/12/2022,,Debit Card,948
949,9/7/2023,,Apple Pay,949
950,6/30/2023,,Pay Pal,950
951,6/1/2023,,Google Pay,951
952,2/15/2023,,E-Wallet,952
953,7/14/2023,,E-Wallet,953
954,9/4/2023,,Google Pay,954
955,12/16/2022,,Debit Card,955
956,7/18/2023,,Apple Pay,956
957,1/11/2023,,Google Pay,957
958,7/27/2023,,Pay Pal,958
959,12/8/2022,,Credit Card,959
960,10/29/2023,,Cash,960
961,5/24/2023,,Pay Pal,961
962,1/5/2023,,Debit Card,962
963,1/14/2023,,Debit Card,963
964,6/4/2023,,Debit Card,964
965,7/6/2023,,Debit Card,965
966,8/31/2023,,Cash,966
967,7/11/2023,,Credit Card,967
968,8/4/2023,,Google Pay,968
969,10/5/2023,,Credit Card,969
970,5/31/2023,,Debit Card,970
971,3/5/2023,,Pay Pal,971
972,12/9/2022,,Google Pay,972
973,8/30/2023,,Credit Card,973
974,7/5/2023,,Apple Pay,974
975,10/17/2023,,Pay Pal,975
976,1/18/2023,,Debit Card,976
977,11/5/2022,,Cash,977
978,5/13/2023,,Pay Pal,978
979,4/14/2023,,Credit Card,979
980,6/18/2023,,Pay Pal,980
981,2/11/2023,,Pay Pal,981
982,8/7/2023,,Pay Pal,982
983,2/1/2023,,Google Pay,983
984,6/14/2023,,Pay Pal,984
985,6/9/2023,,Cash,985
986,5/19/2023,,Google Pay,986
987,10/11/2023,,Debit Card,987
988,9/2/2023,,Apple Pay,988
989,4/15/2023,,Debit Card,989
990,10/17/2023,,Credit Card,990
991,9/28/2023,,E-Wallet,991
992,9/11/2023,,Pay Pal,992
993,10/21/2023,,Pay Pal,993
994,11/17/2022,,Debit Card,994
995,5/29/2023,,Credit Card,995
996,1/20/2023,,Apple Pay,996
997,5/4/2023,,Apple Pay,997
998,3/22/2023,,Credit Card,998
999,3/8/2023,,Google Pay,999
1000,8/7/2023,,Pay Pal,1000
